X0Y14,W_IO,0,14
frame0,0,32,11101111100000000000000000000000
frame1,1,32,00000000000000000000000000000000
frame2,2,32,00000000000000000000000000000000
frame3,3,32,00000001010000000000000000000000
frame4,4,32,00000000000000000000000000000000
frame5,5,32,00000000000000000000000000000000
frame6,6,32,00000000000000000000000000000000
frame7,7,32,00000000000000000000000000000000
frame8,8,32,00000000000000000000000000000000
frame9,9,32,00000000000000000000000000000000
frame10,10,32,00000000000000000000000000000000
frame11,11,32,00000000000000000000000000000000
frame12,12,32,00000000000000000000000000000000
frame13,13,32,00000000000000000000000000000000
frame14,14,32,00000000000000000000000000000000
frame15,15,32,00000000000000000000000000000000
frame16,16,32,00000000000000000000000000000000
frame17,17,32,00000000000000000000000000000000
frame18,18,32,00000000000000000000000000000000
frame19,19,32,00000000000000000000000000000000

X1Y14,LUT4AB,1,14
frame0,0,32,00000000000000000000100000000000
frame1,1,32,00000000000000000000000000000000
frame2,2,32,00000000000000000000000000000000
frame3,3,32,00000000010000000000000000000000
frame4,4,32,00000010000000000000000010000000
frame5,5,32,00000000000000000000000000000000
frame6,6,32,00000000000100000000000000000000
frame7,7,32,00000000000000000000000000000000
frame8,8,32,00000000000000000000000000000000
frame9,9,32,00000000000000000000000000000000
frame10,10,32,00000000000000000000000000000000
frame11,11,32,00000000000000000000000000000000
frame12,12,32,00000000000000000000000000000000
frame13,13,32,00000000000000000000000000000000
frame14,14,32,00000000000000000000000000000000
frame15,15,32,00000000000000000000000000000000
frame16,16,32,00000000000000000000000000000000
frame17,17,32,00000000000000000000000000000000
frame18,18,32,00000000000000000000000000000000
frame19,19,32,00000000000000000001000101000000

X2Y14,LUT4AB,2,14
frame0,0,32,00000000000000000000000000000000
frame1,1,32,00000000000000000000000000000000
frame2,2,32,00000000000000000000000000000000
frame3,3,32,00000000000000000000000000000000
frame4,4,32,00000000000000000000000000000000
frame5,5,32,00000000000000000000000000000000
frame6,6,32,00000000000000000000000000000000
frame7,7,32,00000000000000000000000000000000
frame8,8,32,00000000000000000000000000000000
frame9,9,32,00000000000000000000000000000000
frame10,10,32,00000000000000000000000000000000
frame11,11,32,00000000000000000000000000000000
frame12,12,32,00000000000000000000000000000000
frame13,13,32,00000000000000000000000000000000
frame14,14,32,00000000000000000000000000000000
frame15,15,32,00000000000000000000000000000000
frame16,16,32,00000000000000000000000000000000
frame17,17,32,00000000000000000000000000000000
frame18,18,32,00000000000000000000000000000000
frame19,19,32,00000000000000000000000000000000

X3Y14,RegFile,3,14
frame0,0,32,00000000000000000000000000000000
frame1,1,32,00000000000000000000000000000000
frame2,2,32,00000000000000000000000000000000
frame3,3,32,00000000000000000000000000000000
frame4,4,32,00000000000000000000000000000000
frame5,5,32,00000000000000000000000000000000
frame6,6,32,00000000000000000000000000000000
frame7,7,32,00000000000000000000000000000000
frame8,8,32,00000000000000000000000000000000
frame9,9,32,00000000000000000000000000000000
frame10,10,32,00000000000000000000000000000000
frame11,11,32,00000000000000000000000000000000
frame12,12,32,00000000000000000000000000000000
frame13,13,32,00000000000000000000000000000000
frame14,14,32,00000000000000000000000000000000
frame15,15,32,00000000000000000000000000000000
frame16,16,32,00000000000000000000000000000000
frame17,17,32,00000000000000000000000000000000
frame18,18,32,00000000000000000000000000000000
frame19,19,32,00000000000000000000000000000000

X4Y14,LUT4AB,4,14
frame0,0,32,00000000000000000000000000000000
frame1,1,32,00000000000000000000000000000000
frame2,2,32,00000000000000000000000000000000
frame3,3,32,00000000000000000000000000000000
frame4,4,32,00000000000000000000000000000000
frame5,5,32,00000000000000000000000000000000
frame6,6,32,00000000000000000000000000000000
frame7,7,32,00000000000000000000000000000000
frame8,8,32,00000000000000000000000000000000
frame9,9,32,00000000000000000000000000000000
frame10,10,32,00000000000000000000000000000000
frame11,11,32,00000000000000000000000000000000
frame12,12,32,00000000000000000000000000000000
frame13,13,32,00000000000000000000000000000000
frame14,14,32,00000000000000000000000000000000
frame15,15,32,00000000000000000000000000000000
frame16,16,32,00000000000000000000000000000000
frame17,17,32,00000000000000000000000000000000
frame18,18,32,00000000000000000000000000000000
frame19,19,32,00000000000000000000000000000000

X5Y14,LUT4AB,5,14
frame0,0,32,00000000000000000000000000000000
frame1,1,32,00000000000000000000000000000000
frame2,2,32,00000000000000000000000000000000
frame3,3,32,00000000000000000000000000000000
frame4,4,32,00000000000000000000000000000000
frame5,5,32,00000000000000000000000000000000
frame6,6,32,00000000000000000000000000000000
frame7,7,32,00000000000000000000000000000000
frame8,8,32,00000000000000000000000000000000
frame9,9,32,00000000000000000000000000000000
frame10,10,32,00000000000000000000000000000000
frame11,11,32,00000000000000000000000000000000
frame12,12,32,00000000000000000000000000000000
frame13,13,32,00000000000000000000000000000000
frame14,14,32,00000000000000000000000000000000
frame15,15,32,00000000000000000000000000000000
frame16,16,32,00000000000000000000000000000000
frame17,17,32,00000000000000000000000000000000
frame18,18,32,00000000000000000000000000000000
frame19,19,32,00000000000000000000000000000000

X6Y14,DSP_bot,6,14
frame0,0,32,00000000000000000000000000000000
frame1,1,32,00000000000000000000000000000000
frame2,2,32,00000000000000000000000000000000
frame3,3,32,00000000000000000000000000000000
frame4,4,32,00000000000000000000000000000000
frame5,5,32,00000000000000000000000000000000
frame6,6,32,00000000000000000000000000000000
frame7,7,32,00000000000000000000000000000000
frame8,8,32,00000000000000000000000000000000
frame9,9,32,00000000000000000000000000000000
frame10,10,32,00000000000000000000000000000000
frame11,11,32,00000000000000000000000000000000
frame12,12,32,00000000000000000000000000000000
frame13,13,32,00000000000000000000000000000000
frame14,14,32,00000000000000000000000000000000
frame15,15,32,00000000000000000000000000000000
frame16,16,32,00000000000000000000000000000000
frame17,17,32,00000000000000000000000000000000
frame18,18,32,00000000000000000000000000000000
frame19,19,32,00000000000000000000000000000000

X7Y14,LUT4AB,7,14
frame0,0,32,00000000000000000000000000000000
frame1,1,32,00000000000000000000000000000000
frame2,2,32,00000000000000000000000000000000
frame3,3,32,00000000000000000000000000000000
frame4,4,32,00000000000000000000000000000000
frame5,5,32,00000000000000000000000000000000
frame6,6,32,00000000000000000000000000000000
frame7,7,32,00000000000000000000000000000000
frame8,8,32,00000000000000000000000000000000
frame9,9,32,00000000000000000000000000000000
frame10,10,32,00000000000000000000000000000000
frame11,11,32,00000000000000000000000000000000
frame12,12,32,00000000000000000000000000000000
frame13,13,32,00000000000000000000000000000000
frame14,14,32,00000000000000000000000000000000
frame15,15,32,00000000000000000000000000000000
frame16,16,32,00000000000000000000000000000000
frame17,17,32,00000000000000000000000000000000
frame18,18,32,00000000000000000000000000000000
frame19,19,32,00000000000000000000000000000000

X8Y14,LUT4AB,8,14
frame0,0,32,00000000000000000000000000000000
frame1,1,32,00000000000000000000000000000000
frame2,2,32,00000000000000000000000000000000
frame3,3,32,00000000000000000000000000000000
frame4,4,32,00000000000000000000000000000000
frame5,5,32,00000000000000000000000000000000
frame6,6,32,00000000000000000000000000000000
frame7,7,32,00000000000000000000000000000000
frame8,8,32,00000000000000000000000000000000
frame9,9,32,00000000000000000000000000000000
frame10,10,32,00000000000000000000000000000000
frame11,11,32,00000000000000000000000000000000
frame12,12,32,00000000000000000000000000000000
frame13,13,32,00000000000000000000000000000000
frame14,14,32,00000000000000000000000000000000
frame15,15,32,00000000000000000000000000000000
frame16,16,32,00000000000000000000000000000000
frame17,17,32,00000000000000000000000000000000
frame18,18,32,00000000000000000000000000000000
frame19,19,32,00000000000000000000000000000000

X9Y14,RAM_IO,9,14
frame0,0,32,00000000000000000000000000000000
frame1,1,32,00000000000000000000000000000000
frame2,2,32,00000000000000000000000000000000
frame3,3,32,00000000000000000000000000000000
frame4,4,32,00000000000000000000000000000000
frame5,5,32,00000000000000000000000000000000
frame6,6,32,00000000000000000000000000000000
frame7,7,32,00000000000000000000000000000000
frame8,8,32,00000000000000000000000000000000
frame9,9,32,00000000000000000000000000000000
frame10,10,32,00000000000000000000000000000000
frame11,11,32,00000000000000000000000000000000
frame12,12,32,00000000000000000000000000000000
frame13,13,32,00000000000000000000000000000000
frame14,14,32,00000000000000000000000000000000
frame15,15,32,00000000000000000000000000000000
frame16,16,32,00000000000000000000000000000000
frame17,17,32,00000000000000000000000000000000
frame18,18,32,00000000000000000000000000000000
frame19,19,32,00000000000000000000000000000000

X0Y13,W_IO,0,13
frame0,0,32,11001001100111000000000000000000
frame1,1,32,00000000000000000000000000000000
frame2,2,32,00000000000000000000000000000000
frame3,3,32,00000000000000000000000000000000
frame4,4,32,00000000000000000000000000000000
frame5,5,32,00000000000000000000000000000000
frame6,6,32,00000000000000000000000000000000
frame7,7,32,00000000000000000000000000000000
frame8,8,32,00000000000000000000000000000000
frame9,9,32,00000000000000000000000000000000
frame10,10,32,00000000000000000000000000000000
frame11,11,32,00000000000000000000000000000000
frame12,12,32,00000000000000000000000000000000
frame13,13,32,00000000000000000000000000000000
frame14,14,32,00000000000000000000000000000000
frame15,15,32,00000000000000000000000000000000
frame16,16,32,00000000000000000000000000000000
frame17,17,32,00000000000000000000000000000000
frame18,18,32,00000000000000000000000000000000
frame19,19,32,00000000000000000000000000000000

X1Y13,LUT4AB,1,13
frame0,0,32,00000000000000000000100000001000
frame1,1,32,00000010000000000000000000000000
frame2,2,32,00000001000000000000000000000000
frame3,3,32,00000000000000000000000000000000
frame4,4,32,00000000000000000000000000000000
frame5,5,32,00000000000000000000000000000000
frame6,6,32,00000100000000000000000000000000
frame7,7,32,00000000000010000010000000000000
frame8,8,32,00000000000000000000010000000000
frame9,9,32,00000000000000000000000000000000
frame10,10,32,00000000000000000000000000000000
frame11,11,32,00000000000000000000000000000000
frame12,12,32,00000000000000000000000000000000
frame13,13,32,00000000000000000000000000000000
frame14,14,32,00000000000000000000000000000000
frame15,15,32,00000000000000000000000000000000
frame16,16,32,00000000000000000000000000000000
frame17,17,32,00000000000000000000000000000000
frame18,18,32,00000000000000000000000000000000
frame19,19,32,00000000000001000001000000000000

X2Y13,LUT4AB,2,13
frame0,0,32,00000000000000000000000000000000
frame1,1,32,00000000000000000000000000000000
frame2,2,32,00000000000000000000000000000000
frame3,3,32,00000000000000000000000000000000
frame4,4,32,00000000000000000000000000000000
frame5,5,32,00000000000000000000000000000000
frame6,6,32,00000000000000000000000000000000
frame7,7,32,00000000000000000000000000000000
frame8,8,32,00000000000000000000000000000000
frame9,9,32,00000000000000000000000000000000
frame10,10,32,00000000000000000000000000000000
frame11,11,32,00000000000000000000000000000000
frame12,12,32,00000000000000000000000000000000
frame13,13,32,00000000000000000000000000000000
frame14,14,32,00000000000000000000000000000000
frame15,15,32,00000000000000000000000000000000
frame16,16,32,00000000000000000000000000000000
frame17,17,32,00000000000000000000000000000000
frame18,18,32,00000000000000000000000000000000
frame19,19,32,00000000000000000000000000000000

X3Y13,RegFile,3,13
frame0,0,32,00000000000000000000000000000000
frame1,1,32,00000000000000000000000000000000
frame2,2,32,00000000000000000000000000000000
frame3,3,32,00000000000000000000000000000000
frame4,4,32,00000000000000000000000000000000
frame5,5,32,00000000000000000000000000000000
frame6,6,32,00000000000000000000000000000000
frame7,7,32,00000000000000000000000000000000
frame8,8,32,00000000000000000000000000000000
frame9,9,32,00000000000000000000000000000000
frame10,10,32,00000000000000000000000000000000
frame11,11,32,00000000000000000000000000000000
frame12,12,32,00000000000000000000000000000000
frame13,13,32,00000000000000000000000000000000
frame14,14,32,00000000000000000000000000000000
frame15,15,32,00000000000000000000000000000000
frame16,16,32,00000000000000000000000000000000
frame17,17,32,00000000000000000000000000000000
frame18,18,32,00000000000000000000000000000000
frame19,19,32,00000000000000000000000000000000

X4Y13,LUT4AB,4,13
frame0,0,32,00000000000000000000000000000000
frame1,1,32,00000000000000000000000000000000
frame2,2,32,00000000000000000000000000000000
frame3,3,32,00000000000000000000000000000000
frame4,4,32,00000000000000000000000000000000
frame5,5,32,00000000000000000000000000000000
frame6,6,32,00000000000000000000000000000000
frame7,7,32,00000000000000000000000000000000
frame8,8,32,00000000000000000000000000000000
frame9,9,32,00000000000000000000000000000000
frame10,10,32,00000000000000000000000000000000
frame11,11,32,00000000000000000000000000000000
frame12,12,32,00000000000000000000000000000000
frame13,13,32,00000000000000000000000000000000
frame14,14,32,00000000000000000000000000000000
frame15,15,32,00000000000000000000000000000000
frame16,16,32,00000000000000000000000000000000
frame17,17,32,00000000000000000000000000000000
frame18,18,32,00000000000000000000000000000000
frame19,19,32,00000000000000000000000000000000

X5Y13,LUT4AB,5,13
frame0,0,32,00000000000000000000000000000000
frame1,1,32,00000000000000000000000000000000
frame2,2,32,00000000000000000000000000000000
frame3,3,32,00000000000000000000000000000000
frame4,4,32,00000000000000000000000000000000
frame5,5,32,00000000000000000000000000000000
frame6,6,32,00000000000000000000000000000000
frame7,7,32,00000000000000000000000000000000
frame8,8,32,00000000000000000000000000000000
frame9,9,32,00000000000000000000000000000000
frame10,10,32,00000000000000000000000000000000
frame11,11,32,00000000000000000000000000000000
frame12,12,32,00000000000000000000000000000000
frame13,13,32,00000000000000000000000000000000
frame14,14,32,00000000000000000000000000000000
frame15,15,32,00000000000000000000000000000000
frame16,16,32,00000000000000000000000000000000
frame17,17,32,00000000000000000000000000000000
frame18,18,32,00000000000000000000000000000000
frame19,19,32,00000000000000000000000000000000

X6Y13,DSP_top,6,13
frame0,0,32,00000000000000000000000000000000
frame1,1,32,00000000000000000000000000000000
frame2,2,32,00000000000000000000000000000000
frame3,3,32,00000000000000000000000000000000
frame4,4,32,00000000000000000000000000000000
frame5,5,32,00000000000000000000000000000000
frame6,6,32,00000000000000000000000000000000
frame7,7,32,00000000000000000000000000000000
frame8,8,32,00000000000000000000000000000000
frame9,9,32,00000000000000000000000000000000
frame10,10,32,00000000000000000000000000000000
frame11,11,32,00000000000000000000000000000000
frame12,12,32,00000000000000000000000000000000
frame13,13,32,00000000000000000000000000000000
frame14,14,32,00000000000000000000000000000000
frame15,15,32,00000000000000000000000000000000
frame16,16,32,00000000000000000000000000000000
frame17,17,32,00000000000000000000000000000000
frame18,18,32,00000000000000000000000000000000
frame19,19,32,00000000000000000000000000000000

X7Y13,LUT4AB,7,13
frame0,0,32,00000000000000000000000000000000
frame1,1,32,00000000000000000000000000000000
frame2,2,32,00000000000000000000000000000000
frame3,3,32,00000000000000000000000000000000
frame4,4,32,00000000000000000000000000000000
frame5,5,32,00000000000000000000000000000000
frame6,6,32,00000000000000000000000000000000
frame7,7,32,00000000000000000000000000000000
frame8,8,32,00000000000000000000000000000000
frame9,9,32,00000000000000000000000000000000
frame10,10,32,00000000000000000000000000000000
frame11,11,32,00000000000000000000000000000000
frame12,12,32,00000000000000000000000000000000
frame13,13,32,00000000000000000000000000000000
frame14,14,32,00000000000000000000000000000000
frame15,15,32,00000000000000000000000000000000
frame16,16,32,00000000000000000000000000000000
frame17,17,32,00000000000000000000000000000000
frame18,18,32,00000000000000000000000000000000
frame19,19,32,00000000000000000000000000000000

X8Y13,LUT4AB,8,13
frame0,0,32,00000000000000000000000000000000
frame1,1,32,00000000000000000000000000000000
frame2,2,32,00000000000000000000000000000000
frame3,3,32,00000000000000000000000000000000
frame4,4,32,00000000000000000000000000000000
frame5,5,32,00000000000000000000000000000000
frame6,6,32,00000000000000000000000000000000
frame7,7,32,00000000000000000000000000000000
frame8,8,32,00000000000000000000000000000000
frame9,9,32,00000000000000000000000000000000
frame10,10,32,00000000000000000000000000000000
frame11,11,32,00000000000000000000000000000000
frame12,12,32,00000000000000000000000000000000
frame13,13,32,00000000000000000000000000000000
frame14,14,32,00000000000000000000000000000000
frame15,15,32,00000000000000000000000000000000
frame16,16,32,00000000000000000000000000000000
frame17,17,32,00000000000000000000000000000000
frame18,18,32,00000000000000000000000000000000
frame19,19,32,00000000000000000000000000000000

X9Y13,RAM_IO,9,13
frame0,0,32,00000000000000000000000000000000
frame1,1,32,00000000000000000000000000000000
frame2,2,32,00000000000000000000000000000000
frame3,3,32,00000000000000000000000000000000
frame4,4,32,00000000000000000000000000000000
frame5,5,32,00000000000000000000000000000000
frame6,6,32,00000000000000000000000000000000
frame7,7,32,00000000000000000000000000000000
frame8,8,32,00000000000000000000000000000000
frame9,9,32,00000000000000000000000000000000
frame10,10,32,00000000000000000000000000000000
frame11,11,32,00000000000000000000000000000000
frame12,12,32,00000000000000000000000000000000
frame13,13,32,00000000000000000000000000000000
frame14,14,32,00000000000000000000000000000000
frame15,15,32,00000000000000000000000000000000
frame16,16,32,00000000000000000000000000000000
frame17,17,32,00000000000000000000000000000000
frame18,18,32,00000000000000000000000000000000
frame19,19,32,00000000000000000000000000000000

X0Y12,W_IO,0,12
frame0,0,32,11001101100111000000000000000000
frame1,1,32,00000000000000000000000000000000
frame2,2,32,00000000000000000000000000000000
frame3,3,32,10000000000000000000000000000000
frame4,4,32,00000000000000000000000000000000
frame5,5,32,00000000000000000000000000000000
frame6,6,32,00000000000000000000000000000000
frame7,7,32,00000000000000000000000000000000
frame8,8,32,00000000000000000000000000000000
frame9,9,32,00000000000000000000000000000000
frame10,10,32,00000000000000000000000000000000
frame11,11,32,00000000000000000000000000000000
frame12,12,32,00000000000000000000000000000000
frame13,13,32,00000000000000000000000000000000
frame14,14,32,00000000000000000000000000000000
frame15,15,32,00000000000000000000000000000000
frame16,16,32,00000000000000000000000000000000
frame17,17,32,00000000000000000000000000000000
frame18,18,32,00000000000000000000000000000000
frame19,19,32,00000000000000000000000000000000

X1Y12,LUT4AB,1,12
frame0,0,32,00000000000000000000101001101000
frame1,1,32,11000010010100001000010010000000
frame2,2,32,00010001100000101000001000010000
frame3,3,32,00000000010011100000100000010010
frame4,4,32,00000000000000000111000010000001
frame5,5,32,10000000000000100011000000100001
frame6,6,32,00000100000000000000100000000000
frame7,7,32,00011000000101000110100110000000
frame8,8,32,00000100000000000100000000000100
frame9,9,32,01101000001000111000010011011000
frame10,10,32,00000000000000000000000110110000
frame11,11,32,11100000000010110000101010000100
frame12,12,32,00000100000000100000110011110100
frame13,13,32,00000001000001110001000011000000
frame14,14,32,00100000010000010010000100000000
frame15,15,32,00110000000000001001110100000000
frame16,16,32,01000000000001110110000100010000
frame17,17,32,00000000000001000000000000000000
frame18,18,32,00100010001000000110010010101000
frame19,19,32,00000000000000000000001000000000

X2Y12,LUT4AB,2,12
frame0,0,32,00000000000000000000000000000000
frame1,1,32,00000000000000000000000000000000
frame2,2,32,00000000000000000000000000000000
frame3,3,32,00000000000000000000000000000000
frame4,4,32,00000000000000000000000000000000
frame5,5,32,00000000000000000000000000000000
frame6,6,32,00000000000000000000000000000000
frame7,7,32,00000000000000000000000000000000
frame8,8,32,00000000000000000000000000000000
frame9,9,32,00000000000000000000000000000000
frame10,10,32,00000000000000000000000000000000
frame11,11,32,00000000000000000000000000000000
frame12,12,32,00000000000000000000000000000000
frame13,13,32,00000000000000000000000000000000
frame14,14,32,00000000000000000000000000000000
frame15,15,32,00000000000000000000000000000000
frame16,16,32,00000000000000000000000000000000
frame17,17,32,00000000000000000000000000000000
frame18,18,32,00000000000000000000000000000000
frame19,19,32,00000000000000000000000000000000

X3Y12,RegFile,3,12
frame0,0,32,00000000000000000000000000000000
frame1,1,32,00000000000000000000000000000000
frame2,2,32,00000000000000000000000000000000
frame3,3,32,00000000000000000000000000000000
frame4,4,32,00000000000000000000000000000000
frame5,5,32,00000000000000000000000000000000
frame6,6,32,00000000000000000000000000000000
frame7,7,32,00000000000000000000000000000000
frame8,8,32,00000000000000000000000000000000
frame9,9,32,00000000000000000000000000000000
frame10,10,32,00000000000000000000000000000000
frame11,11,32,00000000000000000000000000000000
frame12,12,32,00000000000000000000000000000000
frame13,13,32,00000000000000000000000000000000
frame14,14,32,00000000000000000000000000000000
frame15,15,32,00000000000000000000000000000000
frame16,16,32,00000000000000000000000000000000
frame17,17,32,00000000000000000000000000000000
frame18,18,32,00000000000000000000000000000000
frame19,19,32,00000000000000000000000000000000

X4Y12,LUT4AB,4,12
frame0,0,32,00000000000000000000000000000000
frame1,1,32,00000000000000000000000000000000
frame2,2,32,00000000000000000000000000000000
frame3,3,32,00000000000000000000000000000000
frame4,4,32,00000000000000000000000000000000
frame5,5,32,00000000000000000000000000000000
frame6,6,32,00000000000000000000000000000000
frame7,7,32,00000000000000000000000000000000
frame8,8,32,00000000000000000000000000000000
frame9,9,32,00000000000000000000000000000000
frame10,10,32,00000000000000000000000000000000
frame11,11,32,00000000000000000000000000000000
frame12,12,32,00000000000000000000000000000000
frame13,13,32,00000000000000000000000000000000
frame14,14,32,00000000000000000000000000000000
frame15,15,32,00000000000000000000000000000000
frame16,16,32,00000000000000000000000000000000
frame17,17,32,00000000000000000000000000000000
frame18,18,32,00000000000000000000000000000000
frame19,19,32,00000000000000000000000000000000

X5Y12,LUT4AB,5,12
frame0,0,32,00000000000000000000000000000000
frame1,1,32,00000000000000000000000000000000
frame2,2,32,00000000000000000000000000000000
frame3,3,32,00000000000000000000000000000000
frame4,4,32,00000000000000000000000000000000
frame5,5,32,00000000000000000000000000000000
frame6,6,32,00000000000000000000000000000000
frame7,7,32,00000000000000000000000000000000
frame8,8,32,00000000000000000000000000000000
frame9,9,32,00000000000000000000000000000000
frame10,10,32,00000000000000000000000000000000
frame11,11,32,00000000000000000000000000000000
frame12,12,32,00000000000000000000000000000000
frame13,13,32,00000000000000000000000000000000
frame14,14,32,00000000000000000000000000000000
frame15,15,32,00000000000000000000000000000000
frame16,16,32,00000000000000000000000000000000
frame17,17,32,00000000000000000000000000000000
frame18,18,32,00000000000000000000000000000000
frame19,19,32,00000000000000000000000000000000

X6Y12,DSP_bot,6,12
frame0,0,32,00000000000000000000000000000000
frame1,1,32,00000000000000000000000000000000
frame2,2,32,00000000000000000000000000000000
frame3,3,32,00000000000000000000000000000000
frame4,4,32,00000000000000000000000000000000
frame5,5,32,00000000000000000000000000000000
frame6,6,32,00000000000000000000000000000000
frame7,7,32,00000000000000000000000000000000
frame8,8,32,00000000000000000000000000000000
frame9,9,32,00000000000000000000000000000000
frame10,10,32,00000000000000000000000000000000
frame11,11,32,00000000000000000000000000000000
frame12,12,32,00000000000000000000000000000000
frame13,13,32,00000000000000000000000000000000
frame14,14,32,00000000000000000000000000000000
frame15,15,32,00000000000000000000000000000000
frame16,16,32,00000000000000000000000000000000
frame17,17,32,00000000000000000000000000000000
frame18,18,32,00000000000000000000000000000000
frame19,19,32,00000000000000000000000000000000

X7Y12,LUT4AB,7,12
frame0,0,32,00000000000000000000000000000000
frame1,1,32,00000000000000000000000000000000
frame2,2,32,00000000000000000000000000000000
frame3,3,32,00000000000000000000000000000000
frame4,4,32,00000000000000000000000000000000
frame5,5,32,00000000000000000000000000000000
frame6,6,32,00000000000000000000000000000000
frame7,7,32,00000000000000000000000000000000
frame8,8,32,00000000000000000000000000000000
frame9,9,32,00000000000000000000000000000000
frame10,10,32,00000000000000000000000000000000
frame11,11,32,00000000000000000000000000000000
frame12,12,32,00000000000000000000000000000000
frame13,13,32,00000000000000000000000000000000
frame14,14,32,00000000000000000000000000000000
frame15,15,32,00000000000000000000000000000000
frame16,16,32,00000000000000000000000000000000
frame17,17,32,00000000000000000000000000000000
frame18,18,32,00000000000000000000000000000000
frame19,19,32,00000000000000000000000000000000

X8Y12,LUT4AB,8,12
frame0,0,32,00000000000000000000000000000000
frame1,1,32,00000000000000000000000000000000
frame2,2,32,00000000000000000000000000000000
frame3,3,32,00000000000000000000000000000000
frame4,4,32,00000000000000000000000000000000
frame5,5,32,00000000000000000000000000000000
frame6,6,32,00000000000000000000000000000000
frame7,7,32,00000000000000000000000000000000
frame8,8,32,00000000000000000000000000000000
frame9,9,32,00000000000000000000000000000000
frame10,10,32,00000000000000000000000000000000
frame11,11,32,00000000000000000000000000000000
frame12,12,32,00000000000000000000000000000000
frame13,13,32,00000000000000000000000000000000
frame14,14,32,00000000000000000000000000000000
frame15,15,32,00000000000000000000000000000000
frame16,16,32,00000000000000000000000000000000
frame17,17,32,00000000000000000000000000000000
frame18,18,32,00000000000000000000000000000000
frame19,19,32,00000000000000000000000000000000

X9Y12,RAM_IO,9,12
frame0,0,32,00000000000000000000000000000000
frame1,1,32,00000000000000000000000000000000
frame2,2,32,00000000000000000000000000000000
frame3,3,32,00000000000000000000000000000000
frame4,4,32,00000000000000000000000000000000
frame5,5,32,00000000000000000000000000000000
frame6,6,32,00000000000000000000000000000000
frame7,7,32,00000000000000000000000000000000
frame8,8,32,00000000000000000000000000000000
frame9,9,32,00000000000000000000000000000000
frame10,10,32,00000000000000000000000000000000
frame11,11,32,00000000000000000000000000000000
frame12,12,32,00000000000000000000000000000000
frame13,13,32,00000000000000000000000000000000
frame14,14,32,00000000000000000000000000000000
frame15,15,32,00000000000000000000000000000000
frame16,16,32,00000000000000000000000000000000
frame17,17,32,00000000000000000000000000000000
frame18,18,32,00000000000000000000000000000000
frame19,19,32,00000000000000000000000000000000

X0Y11,W_IO,0,11
frame0,0,32,11000101100111000000000000000000
frame1,1,32,00100000000000000000000000000000
frame2,2,32,00000000000000100000000000000000
frame3,3,32,00000000000000000000000000000000
frame4,4,32,00000000000000000000000000000000
frame5,5,32,00000000000000000000000000000000
frame6,6,32,00000000000000000000000000000000
frame7,7,32,00000000000000000000000000000000
frame8,8,32,00000000000000000000000000000000
frame9,9,32,00000000000000000000000000000000
frame10,10,32,00000000000000000000000000000000
frame11,11,32,00000000000000000000000000000000
frame12,12,32,00000000000000000000000000000000
frame13,13,32,00000000000000000000000000000000
frame14,14,32,00000000000000000000000000000000
frame15,15,32,00000000000000000000000000000000
frame16,16,32,00000000000000000000000000000000
frame17,17,32,00000000000000000000000000000000
frame18,18,32,00000000000000000000000000000000
frame19,19,32,00000000000000000000000000000000

X1Y11,LUT4AB,1,11
frame0,0,32,00000000000100000000101101110010
frame1,1,32,00000000000000000110000100100000
frame2,2,32,00000000110011100000000000010000
frame3,3,32,00000001100000010100100000010000
frame4,4,32,00000000010010001001010010000101
frame5,5,32,10000000000000000010000000000001
frame6,6,32,01100000000000000000000010000000
frame7,7,32,00010100000000001010000000000001
frame8,8,32,01011000000000010001001010000000
frame9,9,32,10011000001000100000010000000100
frame10,10,32,00000000000000000010000100000000
frame11,11,32,00000000000100000100001000000001
frame12,12,32,10000010000000100001000001110000
frame13,13,32,10000011000010010001100110010100
frame14,14,32,01000000000010000000000101111000
frame15,15,32,00101000000011010001110000010000
frame16,16,32,00101101100000000000000011010000
frame17,17,32,00000011010101000001000000000010
frame18,18,32,00001001000001101110000000011000
frame19,19,32,00000010001000000000010000000000

X2Y11,LUT4AB,2,11
frame0,0,32,00000000000000000000000000000000
frame1,1,32,00000000000000000000000000000000
frame2,2,32,00000000000000000000000000000000
frame3,3,32,00000000000000000000000000000000
frame4,4,32,00000000000000000000000000000000
frame5,5,32,00000000000000000000000000000000
frame6,6,32,00000000000000000000000000000000
frame7,7,32,00000000000000000000000000000000
frame8,8,32,00000000000000000000000000000000
frame9,9,32,00000000000000000000000000000000
frame10,10,32,00000000000000000000000000000000
frame11,11,32,00000000000000000000000000000000
frame12,12,32,00000000000000000000000000000000
frame13,13,32,00000000000000000000000000000000
frame14,14,32,00000000000000000000000000000000
frame15,15,32,00000000000000000000000000000000
frame16,16,32,00000000000000000000000000000000
frame17,17,32,00000000000000000000000000000000
frame18,18,32,00000000000000000000000000000000
frame19,19,32,00000000000000000000000000000000

X3Y11,RegFile,3,11
frame0,0,32,00000000000000000000000000000000
frame1,1,32,00000000000000000000000000000000
frame2,2,32,00000000000000000000000000000000
frame3,3,32,00000000000000000000000000000000
frame4,4,32,00000000000000000000000000000000
frame5,5,32,00000000000000000000000000000000
frame6,6,32,00000000000000000000000000000000
frame7,7,32,00000000000000000000000000000000
frame8,8,32,00000000000000000000000000000000
frame9,9,32,00000000000000000000000000000000
frame10,10,32,00000000000000000000000000000000
frame11,11,32,00000000000000000000000000000000
frame12,12,32,00000000000000000000000000000000
frame13,13,32,00000000000000000000000000000000
frame14,14,32,00000000000000000000000000000000
frame15,15,32,00000000000000000000000000000000
frame16,16,32,00000000000000000000000000000000
frame17,17,32,00000000000000000000000000000000
frame18,18,32,00000000000000000000000000000000
frame19,19,32,00000000000000000000000000000000

X4Y11,LUT4AB,4,11
frame0,0,32,00000000000000000000000000000000
frame1,1,32,00000000000000000000000000000000
frame2,2,32,00000000000000000000000000000000
frame3,3,32,00000000000000000000000000000000
frame4,4,32,00000000000000000000000000000000
frame5,5,32,00000000000000000000000000000000
frame6,6,32,00000000000000000000000000000000
frame7,7,32,00000000000000000000000000000000
frame8,8,32,00000000000000000000000000000000
frame9,9,32,00000000000000000000000000000000
frame10,10,32,00000000000000000000000000000000
frame11,11,32,00000000000000000000000000000000
frame12,12,32,00000000000000000000000000000000
frame13,13,32,00000000000000000000000000000000
frame14,14,32,00000000000000000000000000000000
frame15,15,32,00000000000000000000000000000000
frame16,16,32,00000000000000000000000000000000
frame17,17,32,00000000000000000000000000000000
frame18,18,32,00000000000000000000000000000000
frame19,19,32,00000000000000000000000000000000

X5Y11,LUT4AB,5,11
frame0,0,32,00000000000000000000000000000000
frame1,1,32,00000000000000000000000000000000
frame2,2,32,00000000000000000000000000000000
frame3,3,32,00000000000000000000000000000000
frame4,4,32,00000000000000000000000000000000
frame5,5,32,00000000000000000000000000000000
frame6,6,32,00000000000000000000000000000000
frame7,7,32,00000000000000000000000000000000
frame8,8,32,00000000000000000000000000000000
frame9,9,32,00000000000000000000000000000000
frame10,10,32,00000000000000000000000000000000
frame11,11,32,00000000000000000000000000000000
frame12,12,32,00000000000000000000000000000000
frame13,13,32,00000000000000000000000000000000
frame14,14,32,00000000000000000000000000000000
frame15,15,32,00000000000000000000000000000000
frame16,16,32,00000000000000000000000000000000
frame17,17,32,00000000000000000000000000000000
frame18,18,32,00000000000000000000000000000000
frame19,19,32,00000000000000000000000000000000

X6Y11,DSP_top,6,11
frame0,0,32,00000000000000000000000000000000
frame1,1,32,00000000000000000000000000000000
frame2,2,32,00000000000000000000000000000000
frame3,3,32,00000000000000000000000000000000
frame4,4,32,00000000000000000000000000000000
frame5,5,32,00000000000000000000000000000000
frame6,6,32,00000000000000000000000000000000
frame7,7,32,00000000000000000000000000000000
frame8,8,32,00000000000000000000000000000000
frame9,9,32,00000000000000000000000000000000
frame10,10,32,00000000000000000000000000000000
frame11,11,32,00000000000000000000000000000000
frame12,12,32,00000000000000000000000000000000
frame13,13,32,00000000000000000000000000000000
frame14,14,32,00000000000000000000000000000000
frame15,15,32,00000000000000000000000000000000
frame16,16,32,00000000000000000000000000000000
frame17,17,32,00000000000000000000000000000000
frame18,18,32,00000000000000000000000000000000
frame19,19,32,00000000000000000000000000000000

X7Y11,LUT4AB,7,11
frame0,0,32,00000000000000000000000000000000
frame1,1,32,00000000000000000000000000000000
frame2,2,32,00000000000000000000000000000000
frame3,3,32,00000000000000000000000000000000
frame4,4,32,00000000000000000000000000000000
frame5,5,32,00000000000000000000000000000000
frame6,6,32,00000000000000000000000000000000
frame7,7,32,00000000000000000000000000000000
frame8,8,32,00000000000000000000000000000000
frame9,9,32,00000000000000000000000000000000
frame10,10,32,00000000000000000000000000000000
frame11,11,32,00000000000000000000000000000000
frame12,12,32,00000000000000000000000000000000
frame13,13,32,00000000000000000000000000000000
frame14,14,32,00000000000000000000000000000000
frame15,15,32,00000000000000000000000000000000
frame16,16,32,00000000000000000000000000000000
frame17,17,32,00000000000000000000000000000000
frame18,18,32,00000000000000000000000000000000
frame19,19,32,00000000000000000000000000000000

X8Y11,LUT4AB,8,11
frame0,0,32,00000000000000000000000000000000
frame1,1,32,00000000000000000000000000000000
frame2,2,32,00000000000000000000000000000000
frame3,3,32,00000000000000000000000000000000
frame4,4,32,00000000000000000000000000000000
frame5,5,32,00000000000000000000000000000000
frame6,6,32,00000000000000000000000000000000
frame7,7,32,00000000000000000000000000000000
frame8,8,32,00000000000000000000000000000000
frame9,9,32,00000000000000000000000000000000
frame10,10,32,00000000000000000000000000000000
frame11,11,32,00000000000000000000000000000000
frame12,12,32,00000000000000000000000000000000
frame13,13,32,00000000000000000000000000000000
frame14,14,32,00000000000000000000000000000000
frame15,15,32,00000000000000000000000000000000
frame16,16,32,00000000000000000000000000000000
frame17,17,32,00000000000000000000000000000000
frame18,18,32,00000000000000000000000000000000
frame19,19,32,00000000000000000000000000000000

X9Y11,RAM_IO,9,11
frame0,0,32,00000000000000000000000000000000
frame1,1,32,00000000000000000000000000000000
frame2,2,32,00000000000000000000000000000000
frame3,3,32,00000000000000000000000000000000
frame4,4,32,00000000000000000000000000000000
frame5,5,32,00000000000000000000000000000000
frame6,6,32,00000000000000000000000000000000
frame7,7,32,00000000000000000000000000000000
frame8,8,32,00000000000000000000000000000000
frame9,9,32,00000000000000000000000000000000
frame10,10,32,00000000000000000000000000000000
frame11,11,32,00000000000000000000000000000000
frame12,12,32,00000000000000000000000000000000
frame13,13,32,00000000000000000000000000000000
frame14,14,32,00000000000000000000000000000000
frame15,15,32,00000000000000000000000000000000
frame16,16,32,00000000000000000000000000000000
frame17,17,32,00000000000000000000000000000000
frame18,18,32,00000000000000000000000000000000
frame19,19,32,00000000000000000000000000000000

X0Y10,W_IO,0,10
frame0,0,32,11001101100001000000000000000000
frame1,1,32,00000000000000000000000000000000
frame2,2,32,00000000000000000000000000000000
frame3,3,32,00000000000000000000000000000000
frame4,4,32,00000000000000000000000000000000
frame5,5,32,00000000000000000000000000000000
frame6,6,32,00000000000000000000000000000000
frame7,7,32,00000000000000000000000000000000
frame8,8,32,00000000000000000000000000000000
frame9,9,32,00000000000000000000000000000000
frame10,10,32,00000000000000000000000000000000
frame11,11,32,00000000000000000000000000000000
frame12,12,32,00000000000000000000000000000000
frame13,13,32,00000000000000000000000000000000
frame14,14,32,00000000000000000000000000000000
frame15,15,32,00000000000000000000000000000000
frame16,16,32,00000000000000000000000000000000
frame17,17,32,00000000000000000000000000000000
frame18,18,32,00000000000000000000000000000000
frame19,19,32,00000000000000000000000000000000

X1Y10,LUT4AB,1,10
frame0,0,32,00000000100000000110001011000000
frame1,1,32,00000011001010010110011000100000
frame2,2,32,00000000100100001000001000100000
frame3,3,32,01000010000000000000100000000000
frame4,4,32,00001000000010000000010000111100
frame5,5,32,10000000000001000000000000000000
frame6,6,32,01000100000011110100100010000000
frame7,7,32,00010000100001010000000100000000
frame8,8,32,00010100100000000101000000000100
frame9,9,32,00000000000000000000010000010001
frame10,10,32,00100000000000010011001100000001
frame11,11,32,00000001000000000000000000110100
frame12,12,32,01011010000000000000000000100010
frame13,13,32,00010001000000000000000001000011
frame14,14,32,01001000000000010110000010000010
frame15,15,32,01011000000000010000000000100010
frame16,16,32,00000000000000001100000010000000
frame17,17,32,00000101010111001001001100000000
frame18,18,32,00101000100000101110000000001000
frame19,19,32,00000000000000000001010000000000

X2Y10,LUT4AB,2,10
frame0,0,32,00000000000000000000000000000000
frame1,1,32,00000000000000000000000000000000
frame2,2,32,00000000000000000000000000000000
frame3,3,32,00000000000000000000000000000000
frame4,4,32,00000000000000000000000000000000
frame5,5,32,00000000000000000000000000000000
frame6,6,32,00000000000000000000000000000000
frame7,7,32,00000000000000000000000000000000
frame8,8,32,00000000000000000000000000000000
frame9,9,32,00000000000000000000000000000000
frame10,10,32,00000000000000000000000000000000
frame11,11,32,00000000000000000000000000000000
frame12,12,32,00000000000000000000000000000000
frame13,13,32,00000000000000000000000000000000
frame14,14,32,00000000000000000000000000000000
frame15,15,32,00000000000000000000000000000000
frame16,16,32,00000000000000000000000000000000
frame17,17,32,00000000000000000000000000000000
frame18,18,32,00000000000000000000000000000000
frame19,19,32,00000000000000000010000100000000

X3Y10,RegFile,3,10
frame0,0,32,00000000000000000000000000000000
frame1,1,32,00000000000000000000000000000000
frame2,2,32,00000000000000000000000000000000
frame3,3,32,00000000000000000000000000000000
frame4,4,32,00000000000000000000000000000000
frame5,5,32,00000000000000000000000000000000
frame6,6,32,00000000000000000000000000000000
frame7,7,32,00000000000000000000000000000000
frame8,8,32,00000000000000000000000000000000
frame9,9,32,00000000000000000000000000000000
frame10,10,32,00000000000000000000000000000000
frame11,11,32,00000000000000000000000000000000
frame12,12,32,00000000000000001000000000000000
frame13,13,32,00000000000000000000000000000000
frame14,14,32,00000000000000000000000000000000
frame15,15,32,00000000000000000000000000000000
frame16,16,32,00000000000000000000000000000000
frame17,17,32,00000000000000000000000000000000
frame18,18,32,00000000000000000000000000000000
frame19,19,32,00000000000000000000000000000000

X4Y10,LUT4AB,4,10
frame0,0,32,00000000000000000000000000000000
frame1,1,32,00000000000000000000000000000000
frame2,2,32,00000000000000000000000000000000
frame3,3,32,00000000000000000000000000000000
frame4,4,32,00000000000000000000000000000000
frame5,5,32,00000000000000000000000000000000
frame6,6,32,00000000000000000000000000000000
frame7,7,32,00000000000000000000000000000000
frame8,8,32,00000000000000000000000000000000
frame9,9,32,00000000000000000000000000000000
frame10,10,32,00000000000000000000000000000000
frame11,11,32,00000000000000000000000000000000
frame12,12,32,00000000000000000000000000000000
frame13,13,32,00000000000000000000000000000000
frame14,14,32,00000000000000000000000000000000
frame15,15,32,00000000000000000000000000000000
frame16,16,32,00000000000000000000000000000000
frame17,17,32,00000000000000000000000000000000
frame18,18,32,00000000000000000000000000000000
frame19,19,32,00000000000000000000000000000000

X5Y10,LUT4AB,5,10
frame0,0,32,00000000000000000000000000000000
frame1,1,32,00000000000000000000000000000000
frame2,2,32,00000000000000000000000000000000
frame3,3,32,00000000000000000000000000000000
frame4,4,32,00000000000000000000000000000000
frame5,5,32,00000000000000000000000000000000
frame6,6,32,00000000000000000000000000000000
frame7,7,32,00000000000000000000000000000000
frame8,8,32,00000000000000000000000000000000
frame9,9,32,00000000000000000000000000000000
frame10,10,32,00000000000000000000000000000000
frame11,11,32,00000000000000000000000000000000
frame12,12,32,00000000000000000000000000000000
frame13,13,32,00000000000000000000000000000000
frame14,14,32,00000000000000000000000000000000
frame15,15,32,00000000000000000000000000000000
frame16,16,32,00000000000000000000000000000000
frame17,17,32,00000000000000000000000000000000
frame18,18,32,00000000000000000000000000000000
frame19,19,32,00000000000000000000000000000000

X6Y10,DSP_bot,6,10
frame0,0,32,00000000000000000000000000000000
frame1,1,32,00000000000000000000000000000000
frame2,2,32,00000000000000000000000000000000
frame3,3,32,00000000000000000000000000000000
frame4,4,32,00000000000000000000000000000000
frame5,5,32,00000000000000000000000000000000
frame6,6,32,00000000000000000000000000000000
frame7,7,32,00000000000000000000000000000000
frame8,8,32,00000000000000000000000000000000
frame9,9,32,00000000000000000000000000000000
frame10,10,32,00000000000000000000000000000000
frame11,11,32,00000000000000000000000000000000
frame12,12,32,00000000000000000000000000000000
frame13,13,32,00000000000000000000000000000000
frame14,14,32,00000000000000000000000000000000
frame15,15,32,00000000000000000000000000000000
frame16,16,32,00000000000000000000000000000000
frame17,17,32,00000000000000000000000000000000
frame18,18,32,00000000000000000000000000000000
frame19,19,32,00000000000000000000000000000000

X7Y10,LUT4AB,7,10
frame0,0,32,00000000000000000000000000000000
frame1,1,32,00000000000000000000000000000000
frame2,2,32,00000000000000000000000000000000
frame3,3,32,00000000000000000000000000000000
frame4,4,32,00000000000000000000000000000000
frame5,5,32,00000000000000000000000000000000
frame6,6,32,00000000000000000000000000000000
frame7,7,32,00000000000000000000000000000000
frame8,8,32,00000000000000000000000000000000
frame9,9,32,00000000000000000000000000000000
frame10,10,32,00000000000000000000000000000000
frame11,11,32,00000000000000000000000000000000
frame12,12,32,00000000000000000000000000000000
frame13,13,32,00000000000000000000000000000000
frame14,14,32,00000000000000000000000000000000
frame15,15,32,00000000000000000000000000000000
frame16,16,32,00000000000000000000000000000000
frame17,17,32,00000000000000000000000000000000
frame18,18,32,00000000000000000000000000000000
frame19,19,32,00000000000000000000000000000000

X8Y10,LUT4AB,8,10
frame0,0,32,00000000000000000000000000000000
frame1,1,32,00000000000000000000000000000000
frame2,2,32,00000000000000000000000000000000
frame3,3,32,00000000000000000000000000000000
frame4,4,32,00000000000000000000000000000000
frame5,5,32,00000000000000000000000000000000
frame6,6,32,00000000000000000000000000000000
frame7,7,32,00000000000000000000000000000000
frame8,8,32,00000000000000000000000000000000
frame9,9,32,00000000000000000000000000000000
frame10,10,32,00000000000000000000000000000000
frame11,11,32,00000000000000000000000000000000
frame12,12,32,00000000000000000000000000000000
frame13,13,32,00000000000000000000000000000000
frame14,14,32,00000000000000000000000000000000
frame15,15,32,00000000000000000000000000000000
frame16,16,32,00000000000000000000000000000000
frame17,17,32,00000000000000000000000000000000
frame18,18,32,00000000000000000000000000000000
frame19,19,32,00000000000000000000000000000000

X9Y10,RAM_IO,9,10
frame0,0,32,00000000000000000000000000000000
frame1,1,32,00000000000000000000000000000000
frame2,2,32,00000000000000000000000000000000
frame3,3,32,00000000000000000000000000000000
frame4,4,32,00000000000000000000000000000000
frame5,5,32,00000000000000000000000000000000
frame6,6,32,00000000000000000000000000000000
frame7,7,32,00000000000000000000000000000000
frame8,8,32,00000000000000000000000000000000
frame9,9,32,00000000000000000000000000000000
frame10,10,32,00000000000000000000000000000000
frame11,11,32,00000000000000000000000000000000
frame12,12,32,00000000000000000000000000000000
frame13,13,32,00000000000000000000000000000000
frame14,14,32,00000000000000000000000000000000
frame15,15,32,00000000000000000000000000000000
frame16,16,32,00000000000000000000000000000000
frame17,17,32,00000000000000000000000000000000
frame18,18,32,00000000000000000000000000000000
frame19,19,32,00000000000000000000000000000000

X0Y9,W_IO,0,9
frame0,0,32,11001101100001000000000000000000
frame1,1,32,00000000000000000000000000000000
frame2,2,32,00000000000000100000000000000000
frame3,3,32,00000000000000000000000000000000
frame4,4,32,00000000000000000000000000000000
frame5,5,32,00000000000000000000000000000000
frame6,6,32,00000000000000000000000000000000
frame7,7,32,00000000000000000000000000000000
frame8,8,32,00000000000000000000000000000000
frame9,9,32,00000000000000000000000000000000
frame10,10,32,00000000000000000000000000000000
frame11,11,32,00000000000000000000000000000000
frame12,12,32,00000000000000000000000000000000
frame13,13,32,00000000000000000000000000000000
frame14,14,32,00000000000000000000000000000000
frame15,15,32,00000000000000000000000000000000
frame16,16,32,00000000000000000000000000000000
frame17,17,32,00000000000000000000000000000000
frame18,18,32,00000000000000000000000000000000
frame19,19,32,00000000000000000000000000000000

X1Y9,LUT4AB,1,9
frame0,0,32,00000000000000000010000000000000
frame1,1,32,00000000010110000110000000000000
frame2,2,32,00000000011000000000000000100000
frame3,3,32,00000011000000001100000000000010
frame4,4,32,00000000010000000101000000111000
frame5,5,32,00000000000001000000000010000000
frame6,6,32,01000000000000010000000000000000
frame7,7,32,10000100000000101000001000000001
frame8,8,32,10010000000000010000000000000000
frame9,9,32,01010000000010000000000000000100
frame10,10,32,00000000000100000000000000000000
frame11,11,32,00100000000110000100000001000011
frame12,12,32,00001000000000000000000000010100
frame13,13,32,00010000000010110001000000000001
frame14,14,32,00000000000010000000110000000010
frame15,15,32,00000000000001100010010000000100
frame16,16,32,00001100100000000001000000000000
frame17,17,32,00100000100000000000001100000000
frame18,18,32,00000000000000000000000000000000
frame19,19,32,00000000000000100000000000000000

X2Y9,LUT4AB,2,9
frame0,0,32,00000000000000000000000000000000
frame1,1,32,00000000000000000000000000000000
frame2,2,32,00000000000000000000000000000000
frame3,3,32,00000000000000000000000000000000
frame4,4,32,00000000000000000000000000000000
frame5,5,32,00000000000000000000000000000000
frame6,6,32,00000000000000000000000000000000
frame7,7,32,00000000000010000000000000000000
frame8,8,32,00000000000000000000000000000000
frame9,9,32,00000000000000000000000000000000
frame10,10,32,00000000000000000000000000000000
frame11,11,32,00000000000000000000000000000000
frame12,12,32,00000000000000000000000000000000
frame13,13,32,00000000000000000000000000000000
frame14,14,32,00000000000000000000000000000000
frame15,15,32,00000000000000000000000000000000
frame16,16,32,00000000000000000000000000000000
frame17,17,32,00000000000000000000000000000000
frame18,18,32,00000000000000000000000000000000
frame19,19,32,00000000000000000000000000000000

X3Y9,RegFile,3,9
frame0,0,32,00000000000000000000000000000000
frame1,1,32,00000000000000000000000000000000
frame2,2,32,00000000000000000000000000000000
frame3,3,32,00000000000000000000000000000000
frame4,4,32,00000000000000000000000000000000
frame5,5,32,00000000000000000000000000000000
frame6,6,32,00000000000000000000000000000000
frame7,7,32,00000000000000000000000000000000
frame8,8,32,00000000000000000000000000000000
frame9,9,32,00000000000000000000000000000000
frame10,10,32,00000000000000000000000000000000
frame11,11,32,00000000000000000000000000000000
frame12,12,32,00000000000000000000000000000000
frame13,13,32,00000000000000000000000000000000
frame14,14,32,00000000000000000000000000000000
frame15,15,32,00000000000000000000000000000000
frame16,16,32,00000000000000000000000000000000
frame17,17,32,00000000000000000000000000000000
frame18,18,32,00000000000000000000000000000000
frame19,19,32,00000000000000000000000000000000

X4Y9,LUT4AB,4,9
frame0,0,32,00000000000000000000000000000000
frame1,1,32,00000000000000000000000000000000
frame2,2,32,00000000000000000000000000000000
frame3,3,32,00000000000000000000000000000000
frame4,4,32,00000000000000000000000000000000
frame5,5,32,00000000000000000000000000000000
frame6,6,32,00000000000000000000000000000000
frame7,7,32,00000000000000000000000000000000
frame8,8,32,00000000000000000000000000000000
frame9,9,32,00000000000000000000000000000000
frame10,10,32,00000000000000000000000000000000
frame11,11,32,00000000000000000000000000000000
frame12,12,32,00000000000000000000000000000000
frame13,13,32,00000000000000000000000000000000
frame14,14,32,00000000000000000000000000000000
frame15,15,32,00000000000000000000000000000000
frame16,16,32,00000000000000000000000000000000
frame17,17,32,00000000000000000000000000000000
frame18,18,32,00000000000000000000000000000000
frame19,19,32,00000000000000000000000000000000

X5Y9,LUT4AB,5,9
frame0,0,32,00000000000000000000000000000000
frame1,1,32,00000000000000000000000000000000
frame2,2,32,00000000000000000000000000000000
frame3,3,32,00000000000000000000000000000000
frame4,4,32,00000000000000000000000000000000
frame5,5,32,00000000000000000000000000000000
frame6,6,32,00000000000000000000000000000000
frame7,7,32,00000000000000000000000000000000
frame8,8,32,00000000000000000000000000000000
frame9,9,32,00000000000000000000000000000000
frame10,10,32,00000000000000000000000000000000
frame11,11,32,00000000000000000000000000000000
frame12,12,32,00000000000000000000000000000000
frame13,13,32,00000000000000000000000000000000
frame14,14,32,00000000000000000000000000000000
frame15,15,32,00000000000000000000000000000000
frame16,16,32,00000000000000000000000000000000
frame17,17,32,00000000000000000000000000000000
frame18,18,32,00000000000000000000000000000000
frame19,19,32,00000000000000000000000000000000

X6Y9,DSP_top,6,9
frame0,0,32,00000000000000000000000000000000
frame1,1,32,00000000000000000000000000000000
frame2,2,32,00000000000000000000000000000000
frame3,3,32,00000000000000000000000000000000
frame4,4,32,00000000000000000000000000000000
frame5,5,32,00000000000000000000000000000000
frame6,6,32,00000000000000000000000000000000
frame7,7,32,00000000000000000000000000000000
frame8,8,32,00000000000000000000000000000000
frame9,9,32,00000000000000000000000000000000
frame10,10,32,00000000000000000000000000000000
frame11,11,32,00000000000000000000000000000000
frame12,12,32,00000000000000000000000000000000
frame13,13,32,00000000000000000000000000000000
frame14,14,32,00000000000000000000000000000000
frame15,15,32,00000000000000000000000000000000
frame16,16,32,00000000000000000000000000000000
frame17,17,32,00000000000000000000000000000000
frame18,18,32,00000000000000000000000000000000
frame19,19,32,00000000000000000000000000000000

X7Y9,LUT4AB,7,9
frame0,0,32,00000000000000000000000000000000
frame1,1,32,00000000000000000000000000000000
frame2,2,32,00000000000000000000000000000000
frame3,3,32,00000000000000000000000000000000
frame4,4,32,00000000000000000000000000000000
frame5,5,32,00000000000000000000000000000000
frame6,6,32,00000000000000000000000000000000
frame7,7,32,00000000000000000000000000000000
frame8,8,32,00000000000000000000000000000000
frame9,9,32,00000000000000000000000000000000
frame10,10,32,00000000000000000000000000000000
frame11,11,32,00000000000000000000000000000000
frame12,12,32,00000000000000000000000000000000
frame13,13,32,00000000000000000000000000000000
frame14,14,32,00000000000000000000000000000000
frame15,15,32,00000000000000000000000000000000
frame16,16,32,00000000000000000000000000000000
frame17,17,32,00000000000000000000000000000000
frame18,18,32,00000000000000000000000000000000
frame19,19,32,00000000000000000000000000000000

X8Y9,LUT4AB,8,9
frame0,0,32,00000000000000000000000000000000
frame1,1,32,00000000000000000000000000000000
frame2,2,32,00000000000000000000000000000000
frame3,3,32,00000000000000000000000000000000
frame4,4,32,00000000000000000000000000000000
frame5,5,32,00000000000000000000000000000000
frame6,6,32,00000000000000000000000000000000
frame7,7,32,00000000000000000000000000000000
frame8,8,32,00000000000000000000000000000000
frame9,9,32,00000000000000000000000000000000
frame10,10,32,00000000000000000000000000000000
frame11,11,32,00000000000000000000000000000000
frame12,12,32,00000000000000000000000000000000
frame13,13,32,00000000000000000000000000000000
frame14,14,32,00000000000000000000000000000000
frame15,15,32,00000000000000000000000000000000
frame16,16,32,00000000000000000000000000000000
frame17,17,32,00000000000000000000000000000000
frame18,18,32,00000000000000000000000000000000
frame19,19,32,00000000000000000000000000000000

X9Y9,RAM_IO,9,9
frame0,0,32,00000000000000000000000000000000
frame1,1,32,00000000000000000000000000000000
frame2,2,32,00000000000000000000000000000000
frame3,3,32,00000000000000000000000000000000
frame4,4,32,00000000000000000000000000000000
frame5,5,32,00000000000000000000000000000000
frame6,6,32,00000000000000000000000000000000
frame7,7,32,00000000000000000000000000000000
frame8,8,32,00000000000000000000000000000000
frame9,9,32,00000000000000000000000000000000
frame10,10,32,00000000000000000000000000000000
frame11,11,32,00000000000000000000000000000000
frame12,12,32,00000000000000000000000000000000
frame13,13,32,00000000000000000000000000000000
frame14,14,32,00000000000000000000000000000000
frame15,15,32,00000000000000000000000000000000
frame16,16,32,00000000000000000000000000000000
frame17,17,32,00000000000000000000000000000000
frame18,18,32,00000000000000000000000000000000
frame19,19,32,00000000000000000000000000000000

X0Y8,W_IO,0,8
frame0,0,32,11001001100111000000000000000000
frame1,1,32,00000000000000000000000000000000
frame2,2,32,00000000000000000000000000000000
frame3,3,32,00000000000000000000000000000000
frame4,4,32,00000000000000000000000000000000
frame5,5,32,00000000000000000000000000000000
frame6,6,32,00000000000000000000000000000000
frame7,7,32,00000000000000000000000000000000
frame8,8,32,00000000000000000000000000000000
frame9,9,32,00000000000000000000000000000000
frame10,10,32,00000000000000000000000000000000
frame11,11,32,00000000000000000000000000000000
frame12,12,32,00000000000000000000000000000000
frame13,13,32,00000000000000000000000000000000
frame14,14,32,00000000000000000000000000000000
frame15,15,32,00000000000000000000000000000000
frame16,16,32,00000000000000000000000000000000
frame17,17,32,00000000000000000000000000000000
frame18,18,32,00000000000000000000000000000000
frame19,19,32,00000000000000000000000000000000

X1Y8,LUT4AB,1,8
frame0,0,32,00000000000000000000100000000000
frame1,1,32,00000000000000000000000000000000
frame2,2,32,00000001000000000000000000000000
frame3,3,32,00000000000000000000000000000000
frame4,4,32,00000000000000000000000000000000
frame5,5,32,00000000000000000000000000000000
frame6,6,32,00000000000000000000000000000000
frame7,7,32,00000000000000000000000000000000
frame8,8,32,00000000000000000000000000000000
frame9,9,32,00000000000000000000000000000000
frame10,10,32,00000000000000000000000000000000
frame11,11,32,00000000000000000000000000000000
frame12,12,32,00000000000000000000000000000000
frame13,13,32,00000000000000000000000000000000
frame14,14,32,00000000000000000000000000000000
frame15,15,32,00000000000000000000000000000000
frame16,16,32,00000000000000000000000000000000
frame17,17,32,00000000000000000000000000000000
frame18,18,32,00000000000000000000000000000000
frame19,19,32,00000000000000000000000000000000

X2Y8,LUT4AB,2,8
frame0,0,32,00000000000000000000000000000000
frame1,1,32,00000000000000000000000000000000
frame2,2,32,00000000000000000000000000000000
frame3,3,32,00000000000000000000000000000000
frame4,4,32,00000000000000000000000000000000
frame5,5,32,00000000000000000000000000000000
frame6,6,32,00000000000000000000000000000000
frame7,7,32,00000000000000000000000000000000
frame8,8,32,00000000000000000000000000000000
frame9,9,32,00000000000000000000000000000000
frame10,10,32,00000000000000000000000000000000
frame11,11,32,00000000000000000000000000000000
frame12,12,32,00000000000000000000000000000000
frame13,13,32,00000000000000000000000000000000
frame14,14,32,00000000000000000000000000000000
frame15,15,32,00000000000000000000000000000000
frame16,16,32,00000000000000000000000000000000
frame17,17,32,00000000000000000000000000000000
frame18,18,32,00000000000000000000000000000000
frame19,19,32,00000000000000000000000000000000

X3Y8,RegFile,3,8
frame0,0,32,00000000000000000000000000000000
frame1,1,32,00000000000000000000000000000000
frame2,2,32,00000000000000000000000000000000
frame3,3,32,00000000000000000000000000000000
frame4,4,32,00000000000000000000000000000000
frame5,5,32,00000000000000000000000000000000
frame6,6,32,00000000000000000000000000000000
frame7,7,32,00000000000000000000000000000000
frame8,8,32,00000000000000000000000000000000
frame9,9,32,00000000000000000000000000000000
frame10,10,32,00000000000000000000000000000000
frame11,11,32,00000000000000000000000000000000
frame12,12,32,00000000000000000000000000000000
frame13,13,32,00000000000000000000000000000000
frame14,14,32,00000000000000000000000000000000
frame15,15,32,00000000000000000000000000000000
frame16,16,32,00000000000000000000000000000000
frame17,17,32,00000000000000000000000000000000
frame18,18,32,00000000000000000000000000000000
frame19,19,32,00000000000000000000000000000000

X4Y8,LUT4AB,4,8
frame0,0,32,00000000000000000000000000000000
frame1,1,32,00000000000000000000000000000000
frame2,2,32,00000000000000000000000000000000
frame3,3,32,00000000000000000000000000000000
frame4,4,32,00000000000000000000000000000000
frame5,5,32,00000000000000000000000000000000
frame6,6,32,00000000000000000000000000000000
frame7,7,32,00000000000000000000000000000000
frame8,8,32,00000000000000000000000000000000
frame9,9,32,00000000000000000000000000000000
frame10,10,32,00000000000000000000000000000000
frame11,11,32,00000000000000000000000000000000
frame12,12,32,00000000000000000000000000000000
frame13,13,32,00000000000000000000000000000000
frame14,14,32,00000000000000000000000000000000
frame15,15,32,00000000000000000000000000000000
frame16,16,32,00000000000000000000000000000000
frame17,17,32,00000000000000000000000000000000
frame18,18,32,00000000000000000000000000000000
frame19,19,32,00000000000000000000000000000000

X5Y8,LUT4AB,5,8
frame0,0,32,00000000000000000000000000000000
frame1,1,32,00000000000000000000000000000000
frame2,2,32,00000000000000000000000000000000
frame3,3,32,00000000000000000000000000000000
frame4,4,32,00000000000000000000000000000000
frame5,5,32,00000000000000000000000000000000
frame6,6,32,00000000000000000000000000000000
frame7,7,32,00000000000000000000000000000000
frame8,8,32,00000000000000000000000000000000
frame9,9,32,00000000000000000000000000000000
frame10,10,32,00000000000000000000000000000000
frame11,11,32,00000000000000000000000000000000
frame12,12,32,00000000000000000000000000000000
frame13,13,32,00000000000000000000000000000000
frame14,14,32,00000000000000000000000000000000
frame15,15,32,00000000000000000000000000000000
frame16,16,32,00000000000000000000000000000000
frame17,17,32,00000000000000000000000000000000
frame18,18,32,00000000000000000000000000000000
frame19,19,32,00000000000000000000000000000000

X6Y8,DSP_bot,6,8
frame0,0,32,00000000000000000000000000000000
frame1,1,32,00000000000000000000000000000000
frame2,2,32,00000000000000000000000000000000
frame3,3,32,00000000000000000000000000000000
frame4,4,32,00000000000000000000000000000000
frame5,5,32,00000000000000000000000000000000
frame6,6,32,00000000000000000000000000000000
frame7,7,32,00000000000000000000000000000000
frame8,8,32,00000000000000000000000000000000
frame9,9,32,00000000000000000000000000000000
frame10,10,32,00000000000000000000000000000000
frame11,11,32,00000000000000000000000000000000
frame12,12,32,00000000000000000000000000000000
frame13,13,32,00000000000000000000000000000000
frame14,14,32,00000000000000000000000000000000
frame15,15,32,00000000000000000000000000000000
frame16,16,32,00000000000000000000000000000000
frame17,17,32,00000000000000000000000000000000
frame18,18,32,00000000000000000000000000000000
frame19,19,32,00000000000000000000000000000000

X7Y8,LUT4AB,7,8
frame0,0,32,00000000000000000000000000000000
frame1,1,32,00000000000000000000000000000000
frame2,2,32,00000000000000000000000000000000
frame3,3,32,00000000000000000000000000000000
frame4,4,32,00000000000000000000000000000000
frame5,5,32,00000000000000000000000000000000
frame6,6,32,00000000000000000000000000000000
frame7,7,32,00000000000000000000000000000000
frame8,8,32,00000000000000000000000000000000
frame9,9,32,00000000000000000000000000000000
frame10,10,32,00000000000000000000000000000000
frame11,11,32,00000000000000000000000000000000
frame12,12,32,00000000000000000000000000000000
frame13,13,32,00000000000000000000000000000000
frame14,14,32,00000000000000000000000000000000
frame15,15,32,00000000000000000000000000000000
frame16,16,32,00000000000000000000000000000000
frame17,17,32,00000000000000000000000000000000
frame18,18,32,00000000000000000000000000000000
frame19,19,32,00000000000000000000000000000000

X8Y8,LUT4AB,8,8
frame0,0,32,00000000000000000000000000000000
frame1,1,32,00000000000000000000000000000000
frame2,2,32,00000000000000000000000000000000
frame3,3,32,00000000000000000000000000000000
frame4,4,32,00000000000000000000000000000000
frame5,5,32,00000000000000000000000000000000
frame6,6,32,00000000000000000000000000000000
frame7,7,32,00000000000000000000000000000000
frame8,8,32,00000000000000000000000000000000
frame9,9,32,00000000000000000000000000000000
frame10,10,32,00000000000000000000000000000000
frame11,11,32,00000000000000000000000000000000
frame12,12,32,00000000000000000000000000000000
frame13,13,32,00000000000000000000000000000000
frame14,14,32,00000000000000000000000000000000
frame15,15,32,00000000000000000000000000000000
frame16,16,32,00000000000000000000000000000000
frame17,17,32,00000000000000000000000000000000
frame18,18,32,00000000000000000000000000000000
frame19,19,32,00000000000000000000000000000000

X9Y8,RAM_IO,9,8
frame0,0,32,00000000000000000000000000000000
frame1,1,32,00000000000000000000000000000000
frame2,2,32,00000000000000000000000000000000
frame3,3,32,00000000000000000000000000000000
frame4,4,32,00000000000000000000000000000000
frame5,5,32,00000000000000000000000000000000
frame6,6,32,00000000000000000000000000000000
frame7,7,32,00000000000000000000000000000000
frame8,8,32,00000000000000000000000000000000
frame9,9,32,00000000000000000000000000000000
frame10,10,32,00000000000000000000000000000000
frame11,11,32,00000000000000000000000000000000
frame12,12,32,00000000000000000000000000000000
frame13,13,32,00000000000000000000000000000000
frame14,14,32,00000000000000000000000000000000
frame15,15,32,00000000000000000000000000000000
frame16,16,32,00000000000000000000000000000000
frame17,17,32,00000000000000000000000000000000
frame18,18,32,00000000000000000000000000000000
frame19,19,32,00000000000000000000000000000000

X0Y7,W_IO,0,7
frame0,0,32,11001101100100000000000000000000
frame1,1,32,00000000000000000000000000000000
frame2,2,32,00000000000000000000000000000000
frame3,3,32,00000000000000000000000000000000
frame4,4,32,00000000000000000000000000000000
frame5,5,32,00000000000000000000000000000000
frame6,6,32,00000000000000000000000000000000
frame7,7,32,00000000000000000000000000000000
frame8,8,32,00000000000000000000000000000000
frame9,9,32,00000000000000000000000000000000
frame10,10,32,00000000000000000000000000000000
frame11,11,32,00000000000000000000000000000000
frame12,12,32,00000000000000000000000000000000
frame13,13,32,00000000000000000000000000000000
frame14,14,32,00000000000000000000000000000000
frame15,15,32,00000000000000000000000000000000
frame16,16,32,00000000000000000000000000000000
frame17,17,32,00000000000000000000000000000000
frame18,18,32,00000000000000000000000000000000
frame19,19,32,00000000000000000000000000000000

X1Y7,LUT4AB,1,7
frame0,0,32,00000000000000000001001001000000
frame1,1,32,00000010100110100000000000000000
frame2,2,32,00000001110001101010000000010000
frame3,3,32,00000001000110000100000000010000
frame4,4,32,10000000000000000001100000110100
frame5,5,32,00000000000000000000000000000000
frame6,6,32,10101000000000000000001000000001
frame7,7,32,10000100000000001000001000000011
frame8,8,32,11101000000000000100010000000010
frame9,9,32,11010000000010100000000011101000
frame10,10,32,10000000000000000000000011100000
frame11,11,32,00100000000000000100000000000010
frame12,12,32,00000000000010000000000000110001
frame13,13,32,00001000000000000001000001011010
frame14,14,32,00000000000000000010110011100000
frame15,15,32,00000000100000000110010000000100
frame16,16,32,00000100000000010010000011010000
frame17,17,32,00010101000001001111110000000000
frame18,18,32,00011101100000001000000000000000
frame19,19,32,00000000000000001010010100000000

X2Y7,LUT4AB,2,7
frame0,0,32,00000000000000000000000000000000
frame1,1,32,00000001000000000000000000000000
frame2,2,32,00000001000000000000000000000000
frame3,3,32,00000000000000000000000000000000
frame4,4,32,00000000000000000000000000000000
frame5,5,32,00000000000100000000000000000000
frame6,6,32,00000000000000001000000000000000
frame7,7,32,01100000000000000000000000000000
frame8,8,32,00000000000000000000000000000000
frame9,9,32,00000000000000000000000001000000
frame10,10,32,00000000000000000000000000110000
frame11,11,32,00000000000000100000000000001000
frame12,12,32,00000000000000001100000000001000
frame13,13,32,00000000000000001100000000000000
frame14,14,32,00000000000100000000000000000000
frame15,15,32,00000000000000000000000000000000
frame16,16,32,00000000000000000000000000000000
frame17,17,32,00000000000000000000000000000000
frame18,18,32,00000000000000000000000000000000
frame19,19,32,00000000000000001000000000000000

X3Y7,RegFile,3,7
frame0,0,32,00000000000000000000000000000000
frame1,1,32,00000000000001000000000000000000
frame2,2,32,00000000000000000000000000000000
frame3,3,32,00000000000000000000000000000000
frame4,4,32,00000000000000000000000000000000
frame5,5,32,00000000000000000000000000000000
frame6,6,32,00000000000000000000000000000000
frame7,7,32,00000000000000000000000000000000
frame8,8,32,00000000000000000000000000000000
frame9,9,32,00000000000000000000000000000000
frame10,10,32,00000000000000000000000000000000
frame11,11,32,00000000000000000000000000000000
frame12,12,32,00000000000000000000000000000000
frame13,13,32,00000000000000000000000000000000
frame14,14,32,00000000000000000000000000000000
frame15,15,32,00000000000000000000000000000000
frame16,16,32,00000000000000000000000000000000
frame17,17,32,00000000000000000000000000000000
frame18,18,32,00000000000000000000000000000000
frame19,19,32,00000000000000000000000000000000

X4Y7,LUT4AB,4,7
frame0,0,32,00000000000000000000000000000000
frame1,1,32,00000000000000000000000000000000
frame2,2,32,00000000000000000000000000000000
frame3,3,32,00000000000000000000000000000000
frame4,4,32,00000000000000000000000000000000
frame5,5,32,00000000000000000000000000000000
frame6,6,32,00000000000000000000000000000000
frame7,7,32,00000000000000000000000000000000
frame8,8,32,00000000000000000000000000000000
frame9,9,32,00000000000000000000000000000000
frame10,10,32,00000000000000000000000000000000
frame11,11,32,00000000000000000000000000000000
frame12,12,32,00000000000000000000000000000000
frame13,13,32,00000000000000000000000000000000
frame14,14,32,00000000000000000000000000000000
frame15,15,32,00000000000000000000000000000000
frame16,16,32,00000000000000000000000000000000
frame17,17,32,00000000000000000000000000000000
frame18,18,32,00000000000000000000000000000000
frame19,19,32,00000000000000000000000000000000

X5Y7,LUT4AB,5,7
frame0,0,32,00000000000000000000000000000000
frame1,1,32,00000000000000000000000000000000
frame2,2,32,00000000000000000000000000000000
frame3,3,32,00000000000000000000000000000000
frame4,4,32,00000000000000000000000000000000
frame5,5,32,00000000000000000000000000000000
frame6,6,32,00000000000000000000000000000000
frame7,7,32,00000000000000000000000000000000
frame8,8,32,00000000000000000000000000000000
frame9,9,32,00000000000000000000000000000000
frame10,10,32,00000000000000000000000000000000
frame11,11,32,00000000000000000000000000000000
frame12,12,32,00000000000000000000000000000000
frame13,13,32,00000000000000000000000000000000
frame14,14,32,00000000000000000000000000000000
frame15,15,32,00000000000000000000000000000000
frame16,16,32,00000000000000000000000000000000
frame17,17,32,00000000000000000000000000000000
frame18,18,32,00000000000000000000000000000000
frame19,19,32,00000000000000000000000000000000

X6Y7,DSP_top,6,7
frame0,0,32,00000000000000000000000000000000
frame1,1,32,00000000000000000000000000000000
frame2,2,32,00000000000000000000000000000000
frame3,3,32,00000000000000000000000000000000
frame4,4,32,00000000000000000000000000000000
frame5,5,32,00000000000000000000000000000000
frame6,6,32,00000000000000000000000000000000
frame7,7,32,00000000000000000000000000000000
frame8,8,32,00000000000000000000000000000000
frame9,9,32,00000000000000000000000000000000
frame10,10,32,00000000000000000000000000000000
frame11,11,32,00000000000000000000000000000000
frame12,12,32,00000000000000000000000000000000
frame13,13,32,00000000000000000000000000000000
frame14,14,32,00000000000000000000000000000000
frame15,15,32,00000000000000000000000000000000
frame16,16,32,00000000000000000000000000000000
frame17,17,32,00000000000000000000000000000000
frame18,18,32,00000000000000000000000000000000
frame19,19,32,00000000000000000000000000000000

X7Y7,LUT4AB,7,7
frame0,0,32,00000000000000000000000000000000
frame1,1,32,00000000000000000000000000000000
frame2,2,32,00000000000000000000000000000000
frame3,3,32,00000000000000000000000000000000
frame4,4,32,00000000000000000000000000000000
frame5,5,32,00000000000000000000000000000000
frame6,6,32,00000000000000000000000000000000
frame7,7,32,00000000000000000000000000000000
frame8,8,32,00000000000000000000000000000000
frame9,9,32,00000000000000000000000000000000
frame10,10,32,00000000000000000000000000000000
frame11,11,32,00000000000000000000000000000000
frame12,12,32,00000000000000000000000000000000
frame13,13,32,00000000000000000000000000000000
frame14,14,32,00000000000000000000000000000000
frame15,15,32,00000000000000000000000000000000
frame16,16,32,00000000000000000000000000000000
frame17,17,32,00000000000000000000000000000000
frame18,18,32,00000000000000000000000000000000
frame19,19,32,00000000000000000000000000000000

X8Y7,LUT4AB,8,7
frame0,0,32,00000000000000000000000000000000
frame1,1,32,00000000000000000000000000000000
frame2,2,32,00000000000000000000000000000000
frame3,3,32,00000000000000000000000000000000
frame4,4,32,00000000000000000000000000000000
frame5,5,32,00000000000000000000000000000000
frame6,6,32,00000000000000000000000000000000
frame7,7,32,00000000000000000000000000000000
frame8,8,32,00000000000000000000000000000000
frame9,9,32,00000000000000000000000000000000
frame10,10,32,00000000000000000000000000000000
frame11,11,32,00000000000000000000000000000000
frame12,12,32,00000000000000000000000000000000
frame13,13,32,00000000000000000000000000000000
frame14,14,32,00000000000000000000000000000000
frame15,15,32,00000000000000000000000000000000
frame16,16,32,00000000000000000000000000000000
frame17,17,32,00000000000000000000000000000000
frame18,18,32,00000000000000000000000000000000
frame19,19,32,00000000000000000000000000000000

X9Y7,RAM_IO,9,7
frame0,0,32,00000000000000000000000000000000
frame1,1,32,00000000000000000000000000000000
frame2,2,32,00000000000000000000000000000000
frame3,3,32,00000000000000000000000000000000
frame4,4,32,00000000000000000000000000000000
frame5,5,32,00000000000000000000000000000000
frame6,6,32,00000000000000000000000000000000
frame7,7,32,00000000000000000000000000000000
frame8,8,32,00000000000000000000000000000000
frame9,9,32,00000000000000000000000000000000
frame10,10,32,00000000000000000000000000000000
frame11,11,32,00000000000000000000000000000000
frame12,12,32,00000000000000000000000000000000
frame13,13,32,00000000000000000000000000000000
frame14,14,32,00000000000000000000000000000000
frame15,15,32,00000000000000000000000000000000
frame16,16,32,00000000000000000000000000000000
frame17,17,32,00000000000000000000000000000000
frame18,18,32,00000000000000000000000000000000
frame19,19,32,00000000000000000000000000000000

X0Y6,W_IO,0,6
frame0,0,32,11000101100010000000000000000000
frame1,1,32,00000000000000000000000000000000
frame2,2,32,00000000000000000000000000000000
frame3,3,32,00000000000000000000000000000000
frame4,4,32,00000000000000000000000000000000
frame5,5,32,00000000000000000000000000000000
frame6,6,32,00000000000000000000000000000000
frame7,7,32,00000000000000000000000000000000
frame8,8,32,00000000000000000000000000000000
frame9,9,32,00000000000000000000000000000000
frame10,10,32,00000000000000000000000000000000
frame11,11,32,00000000000000000000000000000000
frame12,12,32,00000000000000000000000000000000
frame13,13,32,00000000000000000000000000000000
frame14,14,32,00000000000000000000000000000000
frame15,15,32,00000000000000000000000000000000
frame16,16,32,00000000000000000000000000000000
frame17,17,32,00000000000000000000000000000000
frame18,18,32,00000000000000000000000000000000
frame19,19,32,00000000000000000000000000000000

X1Y6,LUT4AB,1,6
frame0,0,32,00000000000000000000000000000000
frame1,1,32,00000000000000000000000000000000
frame2,2,32,00000000000000000000000000000000
frame3,3,32,00000000000000000000000000000000
frame4,4,32,00000000000000000000000000000000
frame5,5,32,00000000000000000000000000000000
frame6,6,32,00000000000000000000000000000000
frame7,7,32,00000000000000000000000000000000
frame8,8,32,00000000000000000010000000000000
frame9,9,32,00000000000000000000000000000000
frame10,10,32,00000000000000000001000000000000
frame11,11,32,00000000000000000000000000000000
frame12,12,32,00000000000000000000000000000000
frame13,13,32,00000000000000000000000000000000
frame14,14,32,00000000000000000000000000000000
frame15,15,32,00000000000000000000000000000000
frame16,16,32,00000000000000000000000000000000
frame17,17,32,00000000000000000000000000000000
frame18,18,32,00000000000000000000000000000000
frame19,19,32,00000000000000000000000000000000

X2Y6,LUT4AB,2,6
frame0,0,32,00000000000000000000000000000000
frame1,1,32,00000000000000000000000000000000
frame2,2,32,00000000000000000000000000000000
frame3,3,32,00000000000000000000000000000000
frame4,4,32,00000000000000000000000000000000
frame5,5,32,00000000000000000000000000000000
frame6,6,32,00000000000000000000000000000000
frame7,7,32,00000000000000000000000000000000
frame8,8,32,00000000000000000000000000000000
frame9,9,32,00000000000000000000000000000000
frame10,10,32,00000000000000000000000000000000
frame11,11,32,00000000000000000000000000000000
frame12,12,32,00000000000000000000000000000000
frame13,13,32,00000000000000000000000000000000
frame14,14,32,00000000000000000000000000000000
frame15,15,32,00000000000000000000000000000000
frame16,16,32,00000000000000000000000000000000
frame17,17,32,00000000000000000000000000000000
frame18,18,32,00000000000000000000000000000000
frame19,19,32,00000000000000000000000000000000

X3Y6,RegFile,3,6
frame0,0,32,00000000000000000000000000000000
frame1,1,32,00000000000000000000000000000000
frame2,2,32,00000000000000000000000000000000
frame3,3,32,00000000000000000000000000000000
frame4,4,32,00000000000000000000000000000000
frame5,5,32,00000000000000000000000000000000
frame6,6,32,00000000000000000000000000000000
frame7,7,32,00000000000000000000000000000000
frame8,8,32,00000000000000000000000000000000
frame9,9,32,00000000000000000000000000000000
frame10,10,32,00000000000000000000000000000000
frame11,11,32,11000000000000000000000000000000
frame12,12,32,00000000000000000000000000000000
frame13,13,32,00000000000000000000000000000000
frame14,14,32,00000000000000000000000000000000
frame15,15,32,00000000000000000000000000000000
frame16,16,32,00000000000000000000000000000000
frame17,17,32,00000000000000000000000000000000
frame18,18,32,00000000000000000000000000000000
frame19,19,32,00000000000000000000000000000000

X4Y6,LUT4AB,4,6
frame0,0,32,00000000000000000000000000000000
frame1,1,32,00000000000000000000000000000000
frame2,2,32,00000000000000000000000000000000
frame3,3,32,00000000000000000000000000000000
frame4,4,32,00000000000000000000000000000000
frame5,5,32,00000000000000000000000000000000
frame6,6,32,00000000000000000000000000000000
frame7,7,32,00000000000000000000000000000000
frame8,8,32,00000000000000000000000000000000
frame9,9,32,00000000000000000000000000000000
frame10,10,32,00000000000000000000000000000000
frame11,11,32,00000000000000000000000000000000
frame12,12,32,00000000000000000000000000000000
frame13,13,32,00000000000000000000000000000000
frame14,14,32,00000000000000000000000000000000
frame15,15,32,00000000000000000000000000000000
frame16,16,32,00000000000000000000000000000000
frame17,17,32,00000000000000000000000000000000
frame18,18,32,00000000000000000000000000000000
frame19,19,32,00000000000000000000000000000000

X5Y6,LUT4AB,5,6
frame0,0,32,00000000000000000000000000000000
frame1,1,32,00000000000000000000000000000000
frame2,2,32,00000000000000000000000000000000
frame3,3,32,00000000000000000000000000000000
frame4,4,32,00000000000000000000000000000000
frame5,5,32,00000000000000000000000000000000
frame6,6,32,00000000000000000000000000000000
frame7,7,32,00000000000000000000000000000000
frame8,8,32,00000000000000000000000000000000
frame9,9,32,00000000000000000000000000000000
frame10,10,32,00000000000000000000000000000000
frame11,11,32,00000000000000000000000000000000
frame12,12,32,00000000000000000000000000000000
frame13,13,32,00000000000000000000000000000000
frame14,14,32,00000000000000000000000000000000
frame15,15,32,00000000000000000000000000000000
frame16,16,32,00000000000000000000000000000000
frame17,17,32,00000000000000000000000000000000
frame18,18,32,00000000000000000000000000000000
frame19,19,32,00000000000000000000000000000000

X6Y6,DSP_bot,6,6
frame0,0,32,00000000000000000000000000000000
frame1,1,32,00000000000000000000000000000000
frame2,2,32,00000000000000000000000000000000
frame3,3,32,00000000000000000000000000000000
frame4,4,32,00000000000000000000000000000000
frame5,5,32,00000000000000000000000000000000
frame6,6,32,00000000000000000000000000000000
frame7,7,32,00000000000000000000000000000000
frame8,8,32,00000000000000000000000000000000
frame9,9,32,00000000000000000000000000000000
frame10,10,32,00000000000000000000000000000000
frame11,11,32,00000000000000000000000000000000
frame12,12,32,00000000000000000000000000000000
frame13,13,32,00000000000000000000000000000000
frame14,14,32,00000000000000000000000000000000
frame15,15,32,00000000000000000000000000000000
frame16,16,32,00000000000000000000000000000000
frame17,17,32,00000000000000000000000000000000
frame18,18,32,00000000000000000000000000000000
frame19,19,32,00000000000000000000000000000000

X7Y6,LUT4AB,7,6
frame0,0,32,00000000000000000000000000000000
frame1,1,32,00000000000000000000000000000000
frame2,2,32,00000000000000000000000000000000
frame3,3,32,00000000000000000000000000000000
frame4,4,32,00000000000000000000000000000000
frame5,5,32,00000000000000000000000000000000
frame6,6,32,00000000000000000000000000000000
frame7,7,32,00000000000000000000000000000000
frame8,8,32,00000000000000000000000000000000
frame9,9,32,00000000000000000000000000000000
frame10,10,32,00000000000000000000000000000000
frame11,11,32,00000000000000000000000000000000
frame12,12,32,00000000000000000000000000000000
frame13,13,32,00000000000000000000000000000000
frame14,14,32,00000000000000000000000000000000
frame15,15,32,00000000000000000000000000000000
frame16,16,32,00000000000000000000000000000000
frame17,17,32,00000000000000000000000000000000
frame18,18,32,00000000000000000000000000000000
frame19,19,32,00000000000000000000000000000000

X8Y6,LUT4AB,8,6
frame0,0,32,00000000000000000000000000000000
frame1,1,32,00000000000000000000000000000000
frame2,2,32,00000000000000000000000000000000
frame3,3,32,00000000000000000000000000000000
frame4,4,32,00000000000000000000000000000000
frame5,5,32,00000000000000000000000000000000
frame6,6,32,00000000000000000000000000000000
frame7,7,32,00000000000000000000000000000000
frame8,8,32,00000000000000000000000000000000
frame9,9,32,00000000000000000000000000000000
frame10,10,32,00000000000000000000000000000000
frame11,11,32,00000000000000000000000000000000
frame12,12,32,00000000000000000000000000000000
frame13,13,32,00000000000000000000000000000000
frame14,14,32,00000000000000000000000000000000
frame15,15,32,00000000000000000000000000000000
frame16,16,32,00000000000000000000000000000000
frame17,17,32,00000000000000000000000000000000
frame18,18,32,00000000000000000000000000000000
frame19,19,32,00000000000000000000000000000000

X9Y6,RAM_IO,9,6
frame0,0,32,00000000000000000000000000000000
frame1,1,32,00000000000000000000000000000000
frame2,2,32,00000000000000000000000000000000
frame3,3,32,00000000000000000000000000000000
frame4,4,32,00000000000000000000000000000000
frame5,5,32,00000000000000000000000000000000
frame6,6,32,00000000000000000000000000000000
frame7,7,32,00000000000000000000000000000000
frame8,8,32,00000000000000000000000000000000
frame9,9,32,00000000000000000000000000000000
frame10,10,32,00000000000000000000000000000000
frame11,11,32,00000000000000000000000000000000
frame12,12,32,00000000000000000000000000000000
frame13,13,32,00000000000000000000000000000000
frame14,14,32,00000000000000000000000000000000
frame15,15,32,00000000000000000000000000000000
frame16,16,32,00000000000000000000000000000000
frame17,17,32,00000000000000000000000000000000
frame18,18,32,00000000000000000000000000000000
frame19,19,32,00000000000000000000000000000000

X0Y5,W_IO,0,5
frame0,0,32,11000101100010000000000000000000
frame1,1,32,00000000000000000000000000000000
frame2,2,32,00000000000000000000000000000000
frame3,3,32,00000000000000000000000000000000
frame4,4,32,00000000000000000000000000000000
frame5,5,32,00000000000000000000000000000000
frame6,6,32,00000000000000000000000000000000
frame7,7,32,00000000000000000000000000000000
frame8,8,32,00000000000000000000000000000000
frame9,9,32,00000000000000000000000000000000
frame10,10,32,00000000000000000000000000000000
frame11,11,32,00000000000000000000000000000000
frame12,12,32,00000000000000000000000000000000
frame13,13,32,00000000000000000000000000000000
frame14,14,32,00000000000000000000000000000000
frame15,15,32,00000000000000000000000000000000
frame16,16,32,00000000000000000000000000000000
frame17,17,32,00000000000000000000000000000000
frame18,18,32,00000000000000000000000000000000
frame19,19,32,00000000000000000000000000000000

X1Y5,LUT4AB,1,5
frame0,0,32,00000000000000000000000000000000
frame1,1,32,00000000000000000000000000000000
frame2,2,32,00000000000000000000000000000000
frame3,3,32,00000000000000000000000000000000
frame4,4,32,00000000000000000000000000000000
frame5,5,32,00000000000000000000000000000000
frame6,6,32,00000000000000000000000000000000
frame7,7,32,00000000000000010000000000000000
frame8,8,32,00000000000000000010000000000000
frame9,9,32,00000000000000000000000000000000
frame10,10,32,00000000000000000001000000000000
frame11,11,32,00000000000000000000000000000000
frame12,12,32,00000000000000000000000000000000
frame13,13,32,00000000000000000000000000000000
frame14,14,32,00000000000000000000000000000000
frame15,15,32,00000000000000000000000000000000
frame16,16,32,00000000000000000000000000000000
frame17,17,32,00000000000000000000000000000000
frame18,18,32,00000000000000000000000000000000
frame19,19,32,00000000000000000000000000000000

X2Y5,LUT4AB,2,5
frame0,0,32,00000000000000000000000000000000
frame1,1,32,00000000000000000000000000000000
frame2,2,32,00000000000000000000000000000000
frame3,3,32,00000000000000000000000000000000
frame4,4,32,00000000000000000000000000000000
frame5,5,32,00000000000000000000000000000000
frame6,6,32,00000000000000000000000000000000
frame7,7,32,00000000000000000000000000000000
frame8,8,32,00000000000000000000000000000000
frame9,9,32,00000000000000000000000000000000
frame10,10,32,00000000000000000000000000000000
frame11,11,32,00000000000000000000000000000000
frame12,12,32,00000000000000000000000000000000
frame13,13,32,00000000000000000000000000000000
frame14,14,32,00000000000000000000000000000000
frame15,15,32,00000000000000000000000000000000
frame16,16,32,00000000000000000000000000000000
frame17,17,32,00000000000000000000000000000000
frame18,18,32,00000000000000000000000000000000
frame19,19,32,00000000000000000000000000000000

X3Y5,RegFile,3,5
frame0,0,32,00000000000000000000000000000000
frame1,1,32,00000000000000000000000000000000
frame2,2,32,00000000000000000000000000000000
frame3,3,32,00000000000000000000000000000000
frame4,4,32,00000000000000000000000000000000
frame5,5,32,00000000000000000000000000000000
frame6,6,32,00000000000000000000000000000000
frame7,7,32,00000000000000000000000000000000
frame8,8,32,00000000000000000000000000000000
frame9,9,32,00000000000000000000000000000000
frame10,10,32,00000000000000000000000000000000
frame11,11,32,00000000000000000000000000000000
frame12,12,32,00000000000000000000000000000000
frame13,13,32,00000000000000000000000000000000
frame14,14,32,00000000000000000000000000000000
frame15,15,32,00000000000000000000000000000000
frame16,16,32,00000000000000000000000000000000
frame17,17,32,00000000000000000000000000000000
frame18,18,32,00000000000000000000000000000000
frame19,19,32,00000000000000000000000000000000

X4Y5,LUT4AB,4,5
frame0,0,32,00000000000000000000000000000000
frame1,1,32,00000000000000000000000000000000
frame2,2,32,00000000000000000000000000000000
frame3,3,32,00000000000000000000000000000000
frame4,4,32,00000000000000000000000000000000
frame5,5,32,00000000000000000000000000000000
frame6,6,32,00000000000000000000000000000000
frame7,7,32,00000000000000000000000000000000
frame8,8,32,00000000000000000000000000000000
frame9,9,32,00000000000000000000000000000000
frame10,10,32,00000000000000000000000000000000
frame11,11,32,00000000000000000000000000000000
frame12,12,32,00000000000000000000000000000000
frame13,13,32,00000000000000000000000000000000
frame14,14,32,00000000000000000000000000000000
frame15,15,32,00000000000000000000000000000000
frame16,16,32,00000000000000000000000000000000
frame17,17,32,00000000000000000000000000000000
frame18,18,32,00000000000000000000000000000000
frame19,19,32,00000000000000000000000000000000

X5Y5,LUT4AB,5,5
frame0,0,32,00000000000000000000000000000000
frame1,1,32,00000000000000000000000000000000
frame2,2,32,00000000000000000000000000000000
frame3,3,32,00000000000000000000000000000000
frame4,4,32,00000000000000000000000000000000
frame5,5,32,00000000000000000000000000000000
frame6,6,32,00000000000000000000000000000000
frame7,7,32,00000000000000000000000000000000
frame8,8,32,00000000000000000000000000000000
frame9,9,32,00000000000000000000000000000000
frame10,10,32,00000000000000000000000000000000
frame11,11,32,00000000000000000000000000000000
frame12,12,32,00000000000000000000000000000000
frame13,13,32,00000000000000000000000000000000
frame14,14,32,00000000000000000000000000000000
frame15,15,32,00000000000000000000000000000000
frame16,16,32,00000000000000000000000000000000
frame17,17,32,00000000000000000000000000000000
frame18,18,32,00000000000000000000000000000000
frame19,19,32,00000000000000000000000000000000

X6Y5,DSP_top,6,5
frame0,0,32,00000000000000000000000000000000
frame1,1,32,00000000000000000000000000000000
frame2,2,32,00000000000000000000000000000000
frame3,3,32,00000000000000000000000000000000
frame4,4,32,00000000000000000000000000000000
frame5,5,32,00000000000000000000000000000000
frame6,6,32,00000000000000000000000000000000
frame7,7,32,00000000000000000000000000000000
frame8,8,32,00000000000000000000000000000000
frame9,9,32,00000000000000000000000000000000
frame10,10,32,00000000000000000000000000000000
frame11,11,32,00000000000000000000000000000000
frame12,12,32,00000000000000000000000000000000
frame13,13,32,00000000000000000000000000000000
frame14,14,32,00000000000000000000000000000000
frame15,15,32,00000000000000000000000000000000
frame16,16,32,00000000000000000000000000000000
frame17,17,32,00000000000000000000000000000000
frame18,18,32,00000000000000000000000000000000
frame19,19,32,00000000000000000000000000000000

X7Y5,LUT4AB,7,5
frame0,0,32,00000000000000000000000000000000
frame1,1,32,00000000000000000000000000000000
frame2,2,32,00000000000000000000000000000000
frame3,3,32,00000000000000000000000000000000
frame4,4,32,00000000000000000000000000000000
frame5,5,32,00000000000000000000000000000000
frame6,6,32,00000000000000000000000000000000
frame7,7,32,00000000000000000000000000000000
frame8,8,32,00000000000000000000000000000000
frame9,9,32,00000000000000000000000000000000
frame10,10,32,00000000000000000000000000000000
frame11,11,32,00000000000000000000000000000000
frame12,12,32,00000000000000000000000000000000
frame13,13,32,00000000000000000000000000000000
frame14,14,32,00000000000000000000000000000000
frame15,15,32,00000000000000000000000000000000
frame16,16,32,00000000000000000000000000000000
frame17,17,32,00000000000000000000000000000000
frame18,18,32,00000000000000000000000000000000
frame19,19,32,00000000000000000000000000000000

X8Y5,LUT4AB,8,5
frame0,0,32,00000000000000000000000000000000
frame1,1,32,00000000000000000000000000000000
frame2,2,32,00000000000000000000000000000000
frame3,3,32,00000000000000000000000000000000
frame4,4,32,00000000000000000000000000000000
frame5,5,32,00000000000000000000000000000000
frame6,6,32,00000000000000000000000000000000
frame7,7,32,00000000000000000000000000000000
frame8,8,32,00000000000000000000000000000000
frame9,9,32,00000000000000000000000000000000
frame10,10,32,00000000000000000000000000000000
frame11,11,32,00000000000000000000000000000000
frame12,12,32,00000000000000000000000000000000
frame13,13,32,00000000000000000000000000000000
frame14,14,32,00000000000000000000000000000000
frame15,15,32,00000000000000000000000000000000
frame16,16,32,00000000000000000000000000000000
frame17,17,32,00000000000000000000000000000000
frame18,18,32,00000000000000000000000000000000
frame19,19,32,00000000000000000000000000000000

X9Y5,RAM_IO,9,5
frame0,0,32,00000000000000000000000000000000
frame1,1,32,00000000000000000000000000000000
frame2,2,32,00000000000000000000000000000000
frame3,3,32,00000000000000000000000000000000
frame4,4,32,00000000000000000000000000000000
frame5,5,32,00000000000000000000000000000000
frame6,6,32,00000000000000000000000000000000
frame7,7,32,00000000000000000000000000000000
frame8,8,32,00000000000000000000000000000000
frame9,9,32,00000000000000000000000000000000
frame10,10,32,00000000000000000000000000000000
frame11,11,32,00000000000000000000000000000000
frame12,12,32,00000000000000000000000000000000
frame13,13,32,00000000000000000000000000000000
frame14,14,32,00000000000000000000000000000000
frame15,15,32,00000000000000000000000000000000
frame16,16,32,00000000000000000000000000000000
frame17,17,32,00000000000000000000000000000000
frame18,18,32,00000000000000000000000000000000
frame19,19,32,00000000000000000000000000000000

X0Y4,W_IO,0,4
frame0,0,32,11000111100011000000000000000000
frame1,1,32,00000000000000000000000000000000
frame2,2,32,00000000000000000000000000000000
frame3,3,32,00000000000000000000000000000000
frame4,4,32,00000000000000000000000000000000
frame5,5,32,00000000000000000000000000000000
frame6,6,32,00000000000000000000000000000000
frame7,7,32,00000000000000000000000000000000
frame8,8,32,00000000000000000000000000000000
frame9,9,32,00000000000000000000000000000000
frame10,10,32,00000000000000000000000000000000
frame11,11,32,00000000000000000000000000000000
frame12,12,32,00000000000000000000000000000000
frame13,13,32,00000000000000000000000000000000
frame14,14,32,00000000000000000000000000000000
frame15,15,32,00000000000000000000000000000000
frame16,16,32,00000000000000000000000000000000
frame17,17,32,00000000000000000000000000000000
frame18,18,32,00000000000000000000000000000000
frame19,19,32,00000000000000000000000000000000

X1Y4,LUT4AB,1,4
frame0,0,32,00000000000000000000000000000000
frame1,1,32,00000000000000110000000000000000
frame2,2,32,00000000100000000000000000000000
frame3,3,32,00000000000000000000000000000000
frame4,4,32,00000000000000000000000000000000
frame5,5,32,00000000000000000000000000000000
frame6,6,32,00000000000000000000000000000000
frame7,7,32,00000000000000000000000000000000
frame8,8,32,00000000000000000000000000000000
frame9,9,32,00000000000000000000000000000000
frame10,10,32,00000000000000000000000000000000
frame11,11,32,00000000000000000000000000000000
frame12,12,32,00000000000000000000000000000000
frame13,13,32,00000000000000000000000000000000
frame14,14,32,00000000000000000000000000000000
frame15,15,32,00000000000000000000000000000000
frame16,16,32,00000000000000000000000000000000
frame17,17,32,00000000000000000000000000000000
frame18,18,32,00000000000000000000000000000000
frame19,19,32,00000000000000000000000000000000

X2Y4,LUT4AB,2,4
frame0,0,32,00000000000000000000000000000000
frame1,1,32,00000000000000000000000000000000
frame2,2,32,00000000000000000000000000000000
frame3,3,32,00000000000000000000000000000000
frame4,4,32,00000000000000000000000000000000
frame5,5,32,00000000000000000000000000000000
frame6,6,32,00000000000000000000000000000000
frame7,7,32,00000000000000000000000000000000
frame8,8,32,00000000000000000000000000000000
frame9,9,32,00000000000000000000000000000000
frame10,10,32,00000000000000000000000000000000
frame11,11,32,00000000000000000000000000000000
frame12,12,32,00000000000000000000000000000000
frame13,13,32,00000000000000000000000000000000
frame14,14,32,00000000000000000000000000000000
frame15,15,32,00000000000000000000000000000000
frame16,16,32,00000000000000000000000000000000
frame17,17,32,00000000000000000000000000000000
frame18,18,32,00000000000000000000000000000000
frame19,19,32,00000000000000000000000000000000

X3Y4,RegFile,3,4
frame0,0,32,00000000000000000000000000000000
frame1,1,32,00000000000000000000000000000000
frame2,2,32,00000000000000000000000000000000
frame3,3,32,00000000000000000000000000000000
frame4,4,32,00000000000000000000000000000000
frame5,5,32,00000000000000000000000000000000
frame6,6,32,00000000000000000000000000000000
frame7,7,32,00000000000000000000000000000000
frame8,8,32,00000000000000000000000000000000
frame9,9,32,00000000000000000000000000000000
frame10,10,32,00000000000000000000000000000000
frame11,11,32,00000000000000000000000000000000
frame12,12,32,00000000000000000000000000000000
frame13,13,32,00000000000000000000000000000000
frame14,14,32,00000000000000000000000000000000
frame15,15,32,00000000000000000000000000000000
frame16,16,32,00000000000000000000000000000000
frame17,17,32,00000000000000000000000000000000
frame18,18,32,00000000000000000000000000000000
frame19,19,32,00000000000000000000000000000000

X4Y4,LUT4AB,4,4
frame0,0,32,00000000000000000000000000000000
frame1,1,32,00000000000000000000000000000000
frame2,2,32,00000000000000000000000000000000
frame3,3,32,00000000000000000000000000000000
frame4,4,32,00000000000000000000000000000000
frame5,5,32,00000000000000000000000000000000
frame6,6,32,00000000000000000000000000000000
frame7,7,32,00000000000000000000000000000000
frame8,8,32,00000000000000000000000000000000
frame9,9,32,00000000000000000000000000000000
frame10,10,32,00000000000000000000000000000000
frame11,11,32,00000000000000000000000000000000
frame12,12,32,00000000000000000000000000000000
frame13,13,32,00000000000000000000000000000000
frame14,14,32,00000000000000000000000000000000
frame15,15,32,00000000000000000000000000000000
frame16,16,32,00000000000000000000000000000000
frame17,17,32,00000000000000000000000000000000
frame18,18,32,00000000000000000000000000000000
frame19,19,32,00000000000000000000000000000000

X5Y4,LUT4AB,5,4
frame0,0,32,00000000000000000000000000000000
frame1,1,32,00000000000000000000000000000000
frame2,2,32,00000000000000000000000000000000
frame3,3,32,00000000000000000000000000000000
frame4,4,32,00000000000000000000000000000000
frame5,5,32,00000000000000000000000000000000
frame6,6,32,00000000000000000000000000000000
frame7,7,32,00000000000000000000000000000000
frame8,8,32,00000000000000000000000000000000
frame9,9,32,00000000000000000000000000000000
frame10,10,32,00000000000000000000000000000000
frame11,11,32,00000000000000000000000000000000
frame12,12,32,00000000000000000000000000000000
frame13,13,32,00000000000000000000000000000000
frame14,14,32,00000000000000000000000000000000
frame15,15,32,00000000000000000000000000000000
frame16,16,32,00000000000000000000000000000000
frame17,17,32,00000000000000000000000000000000
frame18,18,32,00000000000000000000000000000000
frame19,19,32,00000000000000000000000000000000

X6Y4,DSP_bot,6,4
frame0,0,32,00000000000000000000000000000000
frame1,1,32,00000000000000000000000000000000
frame2,2,32,00000000000000000000000000000000
frame3,3,32,00000000000000000000000000000000
frame4,4,32,00000000000000000000000000000000
frame5,5,32,00000000000000000000000000000000
frame6,6,32,00000000000000000000000000000000
frame7,7,32,00000000000000000000000000000000
frame8,8,32,00000000000000000000000000000000
frame9,9,32,00000000000000000000000000000000
frame10,10,32,00000000000000000000000000000000
frame11,11,32,00000000000000000000000000000000
frame12,12,32,00000000000000000000000000000000
frame13,13,32,00000000000000000000000000000000
frame14,14,32,00000000000000000000000000000000
frame15,15,32,00000000000000000000000000000000
frame16,16,32,00000000000000000000000000000000
frame17,17,32,00000000000000000000000000000000
frame18,18,32,00000000000000000000000000000000
frame19,19,32,00000000000000000000000000000000

X7Y4,LUT4AB,7,4
frame0,0,32,00000000000000000000000000000000
frame1,1,32,00000000000000000000000000000000
frame2,2,32,00000000000000000000000000000000
frame3,3,32,00000000000000000000000000000000
frame4,4,32,00000000000000000000000000000000
frame5,5,32,00000000000000000000000000000000
frame6,6,32,00000000000000000000000000000000
frame7,7,32,00000000000000000000000000000000
frame8,8,32,00000000000000000000000000000000
frame9,9,32,00000000000000000000000000000000
frame10,10,32,00000000000000000000000000000000
frame11,11,32,00000000000000000000000000000000
frame12,12,32,00000000000000000000000000000000
frame13,13,32,00000000000000000000000000000000
frame14,14,32,00000000000000000000000000000000
frame15,15,32,00000000000000000000000000000000
frame16,16,32,00000000000000000000000000000000
frame17,17,32,00000000000000000000000000000000
frame18,18,32,00000000000000000000000000000000
frame19,19,32,00000000000000000000000000000000

X8Y4,LUT4AB,8,4
frame0,0,32,00000000000000000000000000000000
frame1,1,32,00000000000000000000000000000000
frame2,2,32,00000000000000000000000000000000
frame3,3,32,00000000000000000000000000000000
frame4,4,32,00000000000000000000000000000000
frame5,5,32,00000000000000000000000000000000
frame6,6,32,00000000000000000000000000000000
frame7,7,32,00000000000000000000000000000000
frame8,8,32,00000000000000000000000000000000
frame9,9,32,00000000000000000000000000000000
frame10,10,32,00000000000000000000000000000000
frame11,11,32,00000000000000000000000000000000
frame12,12,32,00000000000000000000000000000000
frame13,13,32,00000000000000000000000000000000
frame14,14,32,00000000000000000000000000000000
frame15,15,32,00000000000000000000000000000000
frame16,16,32,00000000000000000000000000000000
frame17,17,32,00000000000000000000000000000000
frame18,18,32,00000000000000000000000000000000
frame19,19,32,00000000000000000000000000000000

X9Y4,RAM_IO,9,4
frame0,0,32,00000000000000000000000000000000
frame1,1,32,00000000000000000000000000000000
frame2,2,32,00000000000000000000000000000000
frame3,3,32,00000000000000000000000000000000
frame4,4,32,00000000000000000000000000000000
frame5,5,32,00000000000000000000000000000000
frame6,6,32,00000000000000000000000000000000
frame7,7,32,00000000000000000000000000000000
frame8,8,32,00000000000000000000000000000000
frame9,9,32,00000000000000000000000000000000
frame10,10,32,00000000000000000000000000000000
frame11,11,32,00000000000000000000000000000000
frame12,12,32,00000000000000000000000000000000
frame13,13,32,00000000000000000000000000000000
frame14,14,32,00000000000000000000000000000000
frame15,15,32,00000000000000000000000000000000
frame16,16,32,00000000000000000000000000000000
frame17,17,32,00000000000000000000000000000000
frame18,18,32,00000000000000000000000000000000
frame19,19,32,00000000000000000000000000000000

X0Y3,W_IO,0,3
frame0,0,32,11001111100111000000000000000000
frame1,1,32,00000000000000000000000000000000
frame2,2,32,00000000000000000000000000000000
frame3,3,32,00000000000000000000000000000000
frame4,4,32,00000000000000000000000000000000
frame5,5,32,00000000000000000000000000000000
frame6,6,32,00000000000000000000000000000000
frame7,7,32,00000000000000000000000000000000
frame8,8,32,00000000000000000000000000000000
frame9,9,32,00000000000000000000000000000000
frame10,10,32,00000000000000000000000000000000
frame11,11,32,00000000000000000000000000000000
frame12,12,32,00000000000000000000000000000000
frame13,13,32,00000000000000000000000000000000
frame14,14,32,00000000000000000000000000000000
frame15,15,32,00000000000000000000000000000000
frame16,16,32,00000000000000000000000000000000
frame17,17,32,00000000000000000000000000000000
frame18,18,32,00000000000000000000000000000000
frame19,19,32,00000000000000000000000000000000

X1Y3,LUT4AB,1,3
frame0,0,32,00000000000000000000110000000000
frame1,1,32,00000000000000000000000000000000
frame2,2,32,00000000000000000000000000000000
frame3,3,32,00000000000000000000000000000000
frame4,4,32,00000000000000000000000000000000
frame5,5,32,00000000000000000000000000000000
frame6,6,32,00000000000000000000000000000000
frame7,7,32,00000000000000000000000000000000
frame8,8,32,00000000000000000000000000000000
frame9,9,32,00000000000000000000000000000000
frame10,10,32,00000000000000000000000000000000
frame11,11,32,00000000000000000000000000000000
frame12,12,32,00000000000000000000000000000000
frame13,13,32,00000000000000000000000000000000
frame14,14,32,00000000000000000000000000000000
frame15,15,32,00000000000000000000000000000000
frame16,16,32,00000000000000000000000000000000
frame17,17,32,00000000000000000000000000000000
frame18,18,32,00000000000000000000000000000000
frame19,19,32,00000000000000000001000000000000

X2Y3,LUT4AB,2,3
frame0,0,32,00000000000000000000000000000000
frame1,1,32,00000000000000000000000000000000
frame2,2,32,00000000000000000000000000000000
frame3,3,32,00000000000000000000000000000000
frame4,4,32,00000000000000000000000000000000
frame5,5,32,00000000000000000000000000000000
frame6,6,32,00000000000000000000000000000000
frame7,7,32,00000000000000000000000000000000
frame8,8,32,00000000000000000000000000000000
frame9,9,32,00000000000000000000000000000000
frame10,10,32,00000000000000000000000000000000
frame11,11,32,00000000000000000000000000000000
frame12,12,32,00000000000000000000000000000000
frame13,13,32,00000000000000000000000000000000
frame14,14,32,00000000000000000000000000000000
frame15,15,32,00000000000000000000000000000000
frame16,16,32,00000000000000000000000000000000
frame17,17,32,00000000000000000000000000000000
frame18,18,32,00000000000000000000000000000000
frame19,19,32,00000000000000000000000000000000

X3Y3,RegFile,3,3
frame0,0,32,00000000000000000000000000000000
frame1,1,32,00000000000000000000000000000000
frame2,2,32,00000000000000000000000000000000
frame3,3,32,00000000000000000000000000000000
frame4,4,32,00000000000000000000000000000000
frame5,5,32,00000000000000000000000000000000
frame6,6,32,00000000000000000000000000000000
frame7,7,32,00000000000000000000000000000000
frame8,8,32,00000000000000000000000000000000
frame9,9,32,00000000000000000000000000000000
frame10,10,32,00000000000000000000000000000000
frame11,11,32,00000000000000000000000000000000
frame12,12,32,00000000000000000000000000000000
frame13,13,32,00000000000000000000000000000000
frame14,14,32,00000000000000000000000000000000
frame15,15,32,00000000000000000000000000000000
frame16,16,32,00000000000000000000000000000000
frame17,17,32,00000000000000000000000000000000
frame18,18,32,00000000000000000000000000000000
frame19,19,32,00000000000000000000000000000000

X4Y3,LUT4AB,4,3
frame0,0,32,00000000000000000000000000000000
frame1,1,32,00000000000000000000000000000000
frame2,2,32,00000000000000000000000000000000
frame3,3,32,00000000000000000000000000000000
frame4,4,32,00000000000000000000000000000000
frame5,5,32,00000000000000000000000000000000
frame6,6,32,00000000000000000000000000000000
frame7,7,32,00000000000000000000000000000000
frame8,8,32,00000000000000000000000000000000
frame9,9,32,00000000000000000000000000000000
frame10,10,32,00000000000000000000000000000000
frame11,11,32,00000000000000000000000000000000
frame12,12,32,00000000000000000000000000000000
frame13,13,32,00000000000000000000000000000000
frame14,14,32,00000000000000000000000000000000
frame15,15,32,00000000000000000000000000000000
frame16,16,32,00000000000000000000000000000000
frame17,17,32,00000000000000000000000000000000
frame18,18,32,00000000000000000000000000000000
frame19,19,32,00000000000000000000000000000000

X5Y3,LUT4AB,5,3
frame0,0,32,00000000000000000000000000000000
frame1,1,32,00000000000000000000000000000000
frame2,2,32,00000000000000000000000000000000
frame3,3,32,00000000000000000000000000000000
frame4,4,32,00000000000000000000000000000000
frame5,5,32,00000000000000000000000000000000
frame6,6,32,00000000000000000000000000000000
frame7,7,32,00000000000000000000000000000000
frame8,8,32,00000000000000000000000000000000
frame9,9,32,00000000000000000000000000000000
frame10,10,32,00000000000000000000000000000000
frame11,11,32,00000000000000000000000000000000
frame12,12,32,00000000000000000000000000000000
frame13,13,32,00000000000000000000000000000000
frame14,14,32,00000000000000000000000000000000
frame15,15,32,00000000000000000000000000000000
frame16,16,32,00000000000000000000000000000000
frame17,17,32,00000000000000000000000000000000
frame18,18,32,00000000000000000000000000000000
frame19,19,32,00000000000000000000000000000000

X6Y3,DSP_top,6,3
frame0,0,32,00000000000000000000000000000000
frame1,1,32,00000000000000000000000000000000
frame2,2,32,00000000000000000000000000000000
frame3,3,32,00000000000000000000000000000000
frame4,4,32,00000000000000000000000000000000
frame5,5,32,00000000000000000000000000000000
frame6,6,32,00000000000000000000000000000000
frame7,7,32,00000000000000000000000000000000
frame8,8,32,00000000000000000000000000000000
frame9,9,32,00000000000000000000000000000000
frame10,10,32,00000000000000000000000000000000
frame11,11,32,00000000000000000000000000000000
frame12,12,32,00000000000000000000000000000000
frame13,13,32,00000000000000000000000000000000
frame14,14,32,00000000000000000000000000000000
frame15,15,32,00000000000000000000000000000000
frame16,16,32,00000000000000000000000000000000
frame17,17,32,00000000000000000000000000000000
frame18,18,32,00000000000000000000000000000000
frame19,19,32,00000000000000000000000000000000

X7Y3,LUT4AB,7,3
frame0,0,32,00000000000000000000000000000000
frame1,1,32,00000000000000000000000000000000
frame2,2,32,00000000000000000000000000000000
frame3,3,32,00000000000000000000000000000000
frame4,4,32,00000000000000000000000000000000
frame5,5,32,00000000000000000000000000000000
frame6,6,32,00000000000000000000000000000000
frame7,7,32,00000000000000000000000000000000
frame8,8,32,00000000000000000000000000000000
frame9,9,32,00000000000000000000000000000000
frame10,10,32,00000000000000000000000000000000
frame11,11,32,00000000000000000000000000000000
frame12,12,32,00000000000000000000000000000000
frame13,13,32,00000000000000000000000000000000
frame14,14,32,00000000000000000000000000000000
frame15,15,32,00000000000000000000000000000000
frame16,16,32,00000000000000000000000000000000
frame17,17,32,00000000000000000000000000000000
frame18,18,32,00000000000000000000000000000000
frame19,19,32,00000000000000000000000000000000

X8Y3,LUT4AB,8,3
frame0,0,32,00000000000000000000000000000000
frame1,1,32,00000000000000000000000000000000
frame2,2,32,00000000000000000000000000000000
frame3,3,32,00000000000000000000000000000000
frame4,4,32,00000000000000000000000000000000
frame5,5,32,00000000000000000000000000000000
frame6,6,32,00000000000000000000000000000000
frame7,7,32,00000000000000000000000000000000
frame8,8,32,00000000000000000000000000000000
frame9,9,32,00000000000000000000000000000000
frame10,10,32,00000000000000000000000000000000
frame11,11,32,00000000000000000000000000000000
frame12,12,32,00000000000000000000000000000000
frame13,13,32,00000000000000000000000000000000
frame14,14,32,00000000000000000000000000000000
frame15,15,32,00000000000000000000000000000000
frame16,16,32,00000000000000000000000000000000
frame17,17,32,00000000000000000000000000000000
frame18,18,32,00000000000000000000000000000000
frame19,19,32,00000000000000000000000000000000

X9Y3,RAM_IO,9,3
frame0,0,32,00000000000000000000000000000000
frame1,1,32,00000000000000000000000000000000
frame2,2,32,00000000000000000000000000000000
frame3,3,32,00000000000000000000000000000000
frame4,4,32,00000000000000000000000000000000
frame5,5,32,00000000000000000000000000000000
frame6,6,32,00000000000000000000000000000000
frame7,7,32,00000000000000000000000000000000
frame8,8,32,00000000000000000000000000000000
frame9,9,32,00000000000000000000000000000000
frame10,10,32,00000000000000000000000000000000
frame11,11,32,00000000000000000000000000000000
frame12,12,32,00000000000000000000000000000000
frame13,13,32,00000000000000000000000000000000
frame14,14,32,00000000000000000000000000000000
frame15,15,32,00000000000000000000000000000000
frame16,16,32,00000000000000000000000000000000
frame17,17,32,00000000000000000000000000000000
frame18,18,32,00000000000000000000000000000000
frame19,19,32,00000000000000000000000000000000

X0Y2,W_IO,0,2
frame0,0,32,11001001100100000000000000000000
frame1,1,32,00000000000000000000000000000000
frame2,2,32,00000000000000000000000000000000
frame3,3,32,00000000000000000000000000000000
frame4,4,32,00000000000000000000000000000000
frame5,5,32,00000000000000000000000000000000
frame6,6,32,00000000000000000000000000000000
frame7,7,32,00000000000000000000000000000000
frame8,8,32,00000000000000000000000000000000
frame9,9,32,00000000000000000000000000000000
frame10,10,32,00000000000000000000000000000000
frame11,11,32,00000000000000000000000000000000
frame12,12,32,00000000000000000000000000000000
frame13,13,32,00000000000000000000000000000000
frame14,14,32,00000000000000000000000000000000
frame15,15,32,00000000000000000000000000000000
frame16,16,32,00000000000000000000000000000000
frame17,17,32,00000000000000000000000000000000
frame18,18,32,00000000000000000000000000000000
frame19,19,32,00000000000000000000000000000000

X1Y2,LUT4AB,1,2
frame0,0,32,00000000000000000000000000000000
frame1,1,32,00000001000000000000000000000000
frame2,2,32,00000000000000000000000000000000
frame3,3,32,00000000000000000000000000000000
frame4,4,32,00000000000000000000000000000000
frame5,5,32,00000000000000000000000000000000
frame6,6,32,00000000000000000000000000000000
frame7,7,32,00000000000000000000000000000000
frame8,8,32,00000000000000000000000000000000
frame9,9,32,00000000000000000000000000000000
frame10,10,32,00000000000000000000000000000000
frame11,11,32,00000000000000000000000000000000
frame12,12,32,00000000000000000000000000000000
frame13,13,32,00000000000000000000000000000000
frame14,14,32,00000000000000000000000000000000
frame15,15,32,00000000000000000000000000000000
frame16,16,32,00000000000000000000000000000000
frame17,17,32,00000000000000000000000000000000
frame18,18,32,00000000000000000000000000000000
frame19,19,32,00000000000000000000000000000000

X2Y2,LUT4AB,2,2
frame0,0,32,00000000000000000000000000000000
frame1,1,32,00000000000000000000000000000000
frame2,2,32,00000000000000000000000000000000
frame3,3,32,00000000000000000000000000000000
frame4,4,32,00000000000000000000000000000000
frame5,5,32,00000000000000000000000000000000
frame6,6,32,00000000000000000000000000000000
frame7,7,32,00000000000000000000000000000000
frame8,8,32,00000000000000000000000000000000
frame9,9,32,00000000000000000000000000000000
frame10,10,32,00000000000000000000000000000000
frame11,11,32,00000000000000000000000000000000
frame12,12,32,00000000000000000000000000000000
frame13,13,32,00000000000000000000000000000000
frame14,14,32,00000000000000000000000000000000
frame15,15,32,00000000000000000000000000000000
frame16,16,32,00000000000000000000000000000000
frame17,17,32,00000000000000000000000000000000
frame18,18,32,00000000000000000000000000000000
frame19,19,32,00000000000000000000000000000000

X3Y2,RegFile,3,2
frame0,0,32,00000000000000000000000000000000
frame1,1,32,00000000000000000000000000000000
frame2,2,32,00000000000000000000000000000000
frame3,3,32,00000000000000000000000000000000
frame4,4,32,00000000000000000000000000000000
frame5,5,32,00000000000000000000000000000000
frame6,6,32,00000000000000000000000000000000
frame7,7,32,00000000000000000000000000000000
frame8,8,32,00000000000000000000000000000000
frame9,9,32,00000000000000000000000000000000
frame10,10,32,00000000000000000000000000000000
frame11,11,32,00000000000000000000000000000000
frame12,12,32,00000000000000000000000000000000
frame13,13,32,00000000000000000000000000000000
frame14,14,32,00000000000000000000000000000000
frame15,15,32,00000000000000000000000000000000
frame16,16,32,00000000000000000000000000000000
frame17,17,32,00000000000000000000000000000000
frame18,18,32,00000000000000000000000000000000
frame19,19,32,00000000000000000000000000000000

X4Y2,LUT4AB,4,2
frame0,0,32,00000000000000000000000000000000
frame1,1,32,00000000000000000000000000000000
frame2,2,32,00000000000000000000000000000000
frame3,3,32,00000000000000000000000000000000
frame4,4,32,00000000000000000000000000000000
frame5,5,32,00000000000000000000000000000000
frame6,6,32,00000000000000000000000000000000
frame7,7,32,00000000000000000000000000000000
frame8,8,32,00000000000000000000000000000000
frame9,9,32,00000000000000000000000000000000
frame10,10,32,00000000000000000000000000000000
frame11,11,32,00000000000000000000000000000000
frame12,12,32,00000000000000000000000000000000
frame13,13,32,00000000000000000000000000000000
frame14,14,32,00000000000000000000000000000000
frame15,15,32,00000000000000000000000000000000
frame16,16,32,00000000000000000000000000000000
frame17,17,32,00000000000000000000000000000000
frame18,18,32,00000000000000000000000000000000
frame19,19,32,00000000000000000000000000000000

X5Y2,LUT4AB,5,2
frame0,0,32,00000000000000000000000000000000
frame1,1,32,00000000000000000000000000000000
frame2,2,32,00000000000000000000000000000000
frame3,3,32,00000000000000000000000000000000
frame4,4,32,00000000000000000000000000000000
frame5,5,32,00000000000000000000000000000000
frame6,6,32,00000000000000000000000000000000
frame7,7,32,00000000000000000000000000000000
frame8,8,32,00000000000000000000000000000000
frame9,9,32,00000000000000000000000000000000
frame10,10,32,00000000000000000000000000000000
frame11,11,32,00000000000000000000000000000000
frame12,12,32,00000000000000000000000000000000
frame13,13,32,00000000000000000000000000000000
frame14,14,32,00000000000000000000000000000000
frame15,15,32,00000000000000000000000000000000
frame16,16,32,00000000000000000000000000000000
frame17,17,32,00000000000000000000000000000000
frame18,18,32,00000000000000000000000000000000
frame19,19,32,00000000000000000000000000000000

X6Y2,DSP_bot,6,2
frame0,0,32,00000000000000000000000000000000
frame1,1,32,00000000000000000000000000000000
frame2,2,32,00000000000000000000000000000000
frame3,3,32,00000000000000000000000000000000
frame4,4,32,00000000000000000000000000000000
frame5,5,32,00000000000000000000000000000000
frame6,6,32,00000000000000000000000000000000
frame7,7,32,00000000000000000000000000000000
frame8,8,32,00000000000000000000000000000000
frame9,9,32,00000000000000000000000000000000
frame10,10,32,00000000000000000000000000000000
frame11,11,32,00000000000000000000000000000000
frame12,12,32,00000000000000000000000000000000
frame13,13,32,00000000000000000000000000000000
frame14,14,32,00000000000000000000000000000000
frame15,15,32,00000000000000000000000000000000
frame16,16,32,00000000000000000000000000000000
frame17,17,32,00000000000000000000000000000000
frame18,18,32,00000000000000000000000000000000
frame19,19,32,00000000000000000000000000000000

X7Y2,LUT4AB,7,2
frame0,0,32,00000000000000000000000000000000
frame1,1,32,00000000000000000000000000000000
frame2,2,32,00000000000000000000000000000000
frame3,3,32,00000000000000000000000000000000
frame4,4,32,00000000000000000000000000000000
frame5,5,32,00000000000000000000000000000000
frame6,6,32,00000000000000000000000000000000
frame7,7,32,00000000000000000000000000000000
frame8,8,32,00000000000000000000000000000000
frame9,9,32,00000000000000000000000000000000
frame10,10,32,00000000000000000000000000000000
frame11,11,32,00000000000000000000000000000000
frame12,12,32,00000000000000000000000000000000
frame13,13,32,00000000000000000000000000000000
frame14,14,32,00000000000000000000000000000000
frame15,15,32,00000000000000000000000000000000
frame16,16,32,00000000000000000000000000000000
frame17,17,32,00000000000000000000000000000000
frame18,18,32,00000000000000000000000000000000
frame19,19,32,00000000000000000000000000000000

X8Y2,LUT4AB,8,2
frame0,0,32,00000000000000000000000000000000
frame1,1,32,00000000000000000000000000000000
frame2,2,32,00000000000000000000000000000000
frame3,3,32,00000000000000000000000000000000
frame4,4,32,00000000000000000000000000000000
frame5,5,32,00000000000000000000000000000000
frame6,6,32,00000000000000000000000000000000
frame7,7,32,00000000000000000000000000000000
frame8,8,32,00000000000000000000000000000000
frame9,9,32,00000000000000000000000000000000
frame10,10,32,00000000000000000000000000000000
frame11,11,32,00000000000000000000000000000000
frame12,12,32,00000000000000000000000000000000
frame13,13,32,00000000000000000000000000000000
frame14,14,32,00000000000000000000000000000000
frame15,15,32,00000000000000000000000000000000
frame16,16,32,00000000000000000000000000000000
frame17,17,32,00000000000000000000000000000000
frame18,18,32,00000000000000000000000000000000
frame19,19,32,00000000000000000000000000000000

X9Y2,RAM_IO,9,2
frame0,0,32,00000000000000000000000000000000
frame1,1,32,00000000000000000000000000000000
frame2,2,32,00000000000000000000000000000000
frame3,3,32,00000000000000000000000000000000
frame4,4,32,00000000000000000000000000000000
frame5,5,32,00000000000000000000000000000000
frame6,6,32,00000000000000000000000000000000
frame7,7,32,00000000000000000000000000000000
frame8,8,32,00000000000000000000000000000000
frame9,9,32,00000000000000000000000000000000
frame10,10,32,00000000000000000000000000000000
frame11,11,32,00000000000000000000000000000000
frame12,12,32,00000000000000000000000000000000
frame13,13,32,00000000000000000000000000000000
frame14,14,32,00000000000000000000000000000000
frame15,15,32,00000000000000000000000000000000
frame16,16,32,00000000000000000000000000000000
frame17,17,32,00000000000000000000000000000000
frame18,18,32,00000000000000000000000000000000
frame19,19,32,00000000000000000000000000000000

X0Y1,W_IO,0,1
frame0,0,32,11001011100101000000000000000000
frame1,1,32,00000000000000000000000000000000
frame2,2,32,00000000000000000000000000000000
frame3,3,32,00000000000000000000000000000000
frame4,4,32,00000000000000000000000000000000
frame5,5,32,00000000000000000000000000000000
frame6,6,32,00000000000000000000000000000000
frame7,7,32,00000000000000000000000000000000
frame8,8,32,00000000000000000000000000000000
frame9,9,32,00000000000000000000000000000000
frame10,10,32,00000000000000000000000000000000
frame11,11,32,00000000000000000000000000000000
frame12,12,32,00000000000000000000000000000000
frame13,13,32,00000000000000000000000000000000
frame14,14,32,00000000000000000000000000000000
frame15,15,32,00000000000000000000000000000000
frame16,16,32,00000000000000000000000000000000
frame17,17,32,00000000000000000000000000000000
frame18,18,32,00000000000000000000000000000000
frame19,19,32,00000000000000000000000000000000

X1Y1,LUT4AB,1,1
frame0,0,32,00000000000000000000000000000000
frame1,1,32,00000000100000000000000000000000
frame2,2,32,00000000000000000000000000000000
frame3,3,32,00000000000000000000000000000000
frame4,4,32,00000000000000000000000000000000
frame5,5,32,00000000000000000000000000000000
frame6,6,32,00000000000000000000000000000000
frame7,7,32,00000000000000000000000000000000
frame8,8,32,00000000000000000000000000000000
frame9,9,32,00000000000000000000000000000000
frame10,10,32,00000000000000000000000000000000
frame11,11,32,00000000000000000000000000000000
frame12,12,32,00000000000000000000000000000000
frame13,13,32,00000000000000000000000000000000
frame14,14,32,00000000000000000000000000000000
frame15,15,32,00000000000000000000000000000000
frame16,16,32,00000000000000000000000000000000
frame17,17,32,00000000000000000000000000000000
frame18,18,32,00000000000000000000000000000000
frame19,19,32,00000000000000000000000000000000

X2Y1,LUT4AB,2,1
frame0,0,32,00000000000000000000000000000000
frame1,1,32,00000000000000000000000000000000
frame2,2,32,00000000000000000000000000000000
frame3,3,32,00000000000000000000000000000000
frame4,4,32,00000000000000000000000000000000
frame5,5,32,00000000000000000000000000000000
frame6,6,32,00000000000000000000000000000000
frame7,7,32,00000000000000000000000000000000
frame8,8,32,00000000000000000000000000000000
frame9,9,32,00000000000000000000000000000000
frame10,10,32,00000000000000000000000000000000
frame11,11,32,00000000000000000000000000000000
frame12,12,32,00000000000000000000000000000000
frame13,13,32,00000000000000000000000000000000
frame14,14,32,00000000000000000000000000000000
frame15,15,32,00000000000000000000000000000000
frame16,16,32,00000000000000000000000000000000
frame17,17,32,00000000000000000000000000000000
frame18,18,32,00000000000000000000000000000000
frame19,19,32,00000000000000000000000000000000

X3Y1,RegFile,3,1
frame0,0,32,00000000000000000000000000000000
frame1,1,32,00000000000000000000000000000000
frame2,2,32,00000000000000000000000000000000
frame3,3,32,00000000000000000000000000000000
frame4,4,32,00000000000000000000000000000000
frame5,5,32,00000000000000000000000000000000
frame6,6,32,00000000000000000000000000000000
frame7,7,32,00000000000000000000000000000000
frame8,8,32,00000000000000000000000000000000
frame9,9,32,00000000000000000000000000000000
frame10,10,32,00000000000000000000000000000000
frame11,11,32,00000000000000000000000000000000
frame12,12,32,00000000000000000000000000000000
frame13,13,32,00000000000000000000000000000000
frame14,14,32,00000000000000000000000000000000
frame15,15,32,00000000000000000000000000000000
frame16,16,32,00000000000000000000000000000000
frame17,17,32,00000000000000000000000000000000
frame18,18,32,00000000000000000000000000000000
frame19,19,32,00000000000000000000000000000000

X4Y1,LUT4AB,4,1
frame0,0,32,00000000000000000000000000000000
frame1,1,32,00000000000000000000000000000000
frame2,2,32,00000000000000000000000000000000
frame3,3,32,00000000000000000000000000000000
frame4,4,32,00000000000000000000000000000000
frame5,5,32,00000000000000000000000000000000
frame6,6,32,00000000000000000000000000000000
frame7,7,32,00000000000000000000000000000000
frame8,8,32,00000000000000000000000000000000
frame9,9,32,00000000000000000000000000000000
frame10,10,32,00000000000000000000000000000000
frame11,11,32,00000000000000000000000000000000
frame12,12,32,00000000000000000000000000000000
frame13,13,32,00000000000000000000000000000000
frame14,14,32,00000000000000000000000000000000
frame15,15,32,00000000000000000000000000000000
frame16,16,32,00000000000000000000000000000000
frame17,17,32,00000000000000000000000000000000
frame18,18,32,00000000000000000000000000000000
frame19,19,32,00000000000000000000000000000000

X5Y1,LUT4AB,5,1
frame0,0,32,00000000000000000000000000000000
frame1,1,32,00000000000000000000000000000000
frame2,2,32,00000000000000000000000000000000
frame3,3,32,00000000000000000000000000000000
frame4,4,32,00000000000000000000000000000000
frame5,5,32,00000000000000000000000000000000
frame6,6,32,00000000000000000000000000000000
frame7,7,32,00000000000000000000000000000000
frame8,8,32,00000000000000000000000000000000
frame9,9,32,00000000000000000000000000000000
frame10,10,32,00000000000000000000000000000000
frame11,11,32,00000000000000000000000000000000
frame12,12,32,00000000000000000000000000000000
frame13,13,32,00000000000000000000000000000000
frame14,14,32,00000000000000000000000000000000
frame15,15,32,00000000000000000000000000000000
frame16,16,32,00000000000000000000000000000000
frame17,17,32,00000000000000000000000000000000
frame18,18,32,00000000000000000000000000000000
frame19,19,32,00000000000000000000000000000000

X6Y1,DSP_top,6,1
frame0,0,32,00000000000000000000000000000000
frame1,1,32,00000000000000000000000000000000
frame2,2,32,00000000000000000000000000000000
frame3,3,32,00000000000000000000000000000000
frame4,4,32,00000000000000000000000000000000
frame5,5,32,00000000000000000000000000000000
frame6,6,32,00000000000000000000000000000000
frame7,7,32,00000000000000000000000000000000
frame8,8,32,00000000000000000000000000000000
frame9,9,32,00000000000000000000000000000000
frame10,10,32,00000000000000000000000000000000
frame11,11,32,00000000000000000000000000000000
frame12,12,32,00000000000000000000000000000000
frame13,13,32,00000000000000000000000000000000
frame14,14,32,00000000000000000000000000000000
frame15,15,32,00000000000000000000000000000000
frame16,16,32,00000000000000000000000000000000
frame17,17,32,00000000000000000000000000000000
frame18,18,32,00000000000000000000000000000000
frame19,19,32,00000000000000000000000000000000

X7Y1,LUT4AB,7,1
frame0,0,32,00000000000000000000000000000000
frame1,1,32,00000000000000000000000000000000
frame2,2,32,00000000000000000000000000000000
frame3,3,32,00000000000000000000000000000000
frame4,4,32,00000000000000000000000000000000
frame5,5,32,00000000000000000000000000000000
frame6,6,32,00000000000000000000000000000000
frame7,7,32,00000000000000000000000000000000
frame8,8,32,00000000000000000000000000000000
frame9,9,32,00000000000000000000000000000000
frame10,10,32,00000000000000000000000000000000
frame11,11,32,00000000000000000000000000000000
frame12,12,32,00000000000000000000000000000000
frame13,13,32,00000000000000000000000000000000
frame14,14,32,00000000000000000000000000000000
frame15,15,32,00000000000000000000000000000000
frame16,16,32,00000000000000000000000000000000
frame17,17,32,00000000000000000000000000000000
frame18,18,32,00000000000000000000000000000000
frame19,19,32,00000000000000000000000000000000

X8Y1,LUT4AB,8,1
frame0,0,32,00000000000000000000000000000000
frame1,1,32,00000000000000000000000000000000
frame2,2,32,00000000000000000000000000000000
frame3,3,32,00000000000000000000000000000000
frame4,4,32,00000000000000000000000000000000
frame5,5,32,00000000000000000000000000000000
frame6,6,32,00000000000000000000000000000000
frame7,7,32,00000000000000000000000000000000
frame8,8,32,00000000000000000000000000000000
frame9,9,32,00000000000000000000000000000000
frame10,10,32,00000000000000000000000000000000
frame11,11,32,00000000000000000000000000000000
frame12,12,32,00000000000000000000000000000000
frame13,13,32,00000000000000000000000000000000
frame14,14,32,00000000000000000000000000000000
frame15,15,32,00000000000000000000000000000000
frame16,16,32,00000000000000000000000000000000
frame17,17,32,00000000000000000000000000000000
frame18,18,32,00000000000000000000000000000000
frame19,19,32,00000000000000000000000000000000

X9Y1,RAM_IO,9,1
frame0,0,32,00000000000000000000000000000000
frame1,1,32,00000000000000000000000000000000
frame2,2,32,00000000000000000000000000000000
frame3,3,32,00000000000000000000000000000000
frame4,4,32,00000000000000000000000000000000
frame5,5,32,00000000000000000000000000000000
frame6,6,32,00000000000000000000000000000000
frame7,7,32,00000000000000000000000000000000
frame8,8,32,00000000000000000000000000000000
frame9,9,32,00000000000000000000000000000000
frame10,10,32,00000000000000000000000000000000
frame11,11,32,00000000000000000000000000000000
frame12,12,32,00000000000000000000000000000000
frame13,13,32,00000000000000000000000000000000
frame14,14,32,00000000000000000000000000000000
frame15,15,32,00000000000000000000000000000000
frame16,16,32,00000000000000000000000000000000
frame17,17,32,00000000000000000000000000000000
frame18,18,32,00000000000000000000000000000000
frame19,19,32,00000000000000000000000000000000

